d,Delta_K,h_K,class_group,f,h,Nm_A,h_times_Nm_A,equals_f,status
1,-4,1,trivial,7,7,1,7,True,free (h_K=1)
1,-4,1,trivial,9,9,1,9,True,free (h_K=1)
1,-4,1,trivial,13,13,1,13,True,free (h_K=1)
1,-4,1,trivial,19,19,1,19,True,free (h_K=1)
1,-4,1,trivial,37,37,1,37,True,free (h_K=1)
1,-4,1,trivial,61,61,1,61,True,free (h_K=1)
1,-4,1,trivial,79,79,1,79,True,free (h_K=1)
1,-4,1,trivial,97,97,1,97,True,free (h_K=1)
1,-4,1,trivial,139,139,1,139,True,free (h_K=1)
1,-4,1,trivial,163,163,1,163,True,free (h_K=1)
2,-8,1,trivial,7,7,1,7,True,free (h_K=1)
2,-8,1,trivial,9,9,1,9,True,free (h_K=1)
2,-8,1,trivial,13,13,1,13,True,free (h_K=1)
2,-8,1,trivial,19,19,1,19,True,free (h_K=1)
2,-8,1,trivial,37,37,1,37,True,free (h_K=1)
2,-8,1,trivial,61,61,1,61,True,free (h_K=1)
2,-8,1,trivial,79,79,1,79,True,free (h_K=1)
2,-8,1,trivial,97,97,1,97,True,free (h_K=1)
2,-8,1,trivial,139,139,1,139,True,free (h_K=1)
2,-8,1,trivial,163,163,1,163,True,free (h_K=1)
3,-3,1,trivial,7,7,1,7,True,free (h_K=1)
3,-3,1,trivial,9,9,1,9,True,free (h_K=1)
3,-3,1,trivial,13,13,1,13,True,free (h_K=1)
3,-3,1,trivial,19,19,1,19,True,free (h_K=1)
3,-3,1,trivial,37,37,1,37,True,free (h_K=1)
3,-3,1,trivial,61,61,1,61,True,free (h_K=1)
3,-3,1,trivial,79,79,1,79,True,free (h_K=1)
3,-3,1,trivial,97,97,1,97,True,free (h_K=1)
3,-3,1,trivial,139,139,1,139,True,free (h_K=1)
3,-3,1,trivial,163,163,1,163,True,free (h_K=1)
5,-20,2,Z/2Z,7,1,7,7,True,"steinitz (Nm(A)=7, form 1)"
5,-20,2,Z/2Z,9,9,1,9,True,"free (f rep by principal, x=3, y=0)"
5,-20,2,Z/2Z,13,13,1,13,True,"free (no non-principal factorization, f likely inert)"
5,-20,2,Z/2Z,19,19,1,19,True,"free (no non-principal factorization, f likely inert)"
5,-20,2,Z/2Z,37,37,1,37,True,"free (no non-principal factorization, f likely inert)"
5,-20,2,Z/2Z,61,61,1,61,True,"free (f rep by principal, x=4, y=3)"
5,-20,2,Z/2Z,79,79,1,79,True,"free (no non-principal factorization, f likely inert)"
5,-20,2,Z/2Z,97,97,1,97,True,"free (no non-principal factorization, f likely inert)"
5,-20,2,Z/2Z,139,139,1,139,True,"free (no non-principal factorization, f likely inert)"
5,-20,2,Z/2Z,163,1,163,163,True,"steinitz (Nm(A)=163, form 1)"
6,-24,2,Z/2Z,7,7,1,7,True,"free (f rep by principal, x=1, y=1)"
6,-24,2,Z/2Z,9,9,1,9,True,"free (f rep by principal, x=3, y=0)"
6,-24,2,Z/2Z,13,13,1,13,True,"free (no non-principal factorization, f likely inert)"
6,-24,2,Z/2Z,19,19,1,19,True,"free (no non-principal factorization, f likely inert)"
6,-24,2,Z/2Z,37,37,1,37,True,"free (no non-principal factorization, f likely inert)"
6,-24,2,Z/2Z,61,61,1,61,True,"free (no non-principal factorization, f likely inert)"
6,-24,2,Z/2Z,79,79,1,79,True,"free (f rep by principal, x=5, y=3)"
6,-24,2,Z/2Z,97,97,1,97,True,"free (f rep by principal, x=1, y=4)"
6,-24,2,Z/2Z,139,139,1,139,True,"free (no non-principal factorization, f likely inert)"
6,-24,2,Z/2Z,163,163,1,163,True,"free (no non-principal factorization, f likely inert)"
7,-7,1,trivial,7,7,1,7,True,free (h_K=1)
7,-7,1,trivial,9,9,1,9,True,free (h_K=1)
7,-7,1,trivial,13,13,1,13,True,free (h_K=1)
7,-7,1,trivial,19,19,1,19,True,free (h_K=1)
7,-7,1,trivial,37,37,1,37,True,free (h_K=1)
7,-7,1,trivial,61,61,1,61,True,free (h_K=1)
7,-7,1,trivial,79,79,1,79,True,free (h_K=1)
7,-7,1,trivial,97,97,1,97,True,free (h_K=1)
7,-7,1,trivial,139,139,1,139,True,free (h_K=1)
7,-7,1,trivial,163,163,1,163,True,free (h_K=1)
10,-40,2,Z/2Z,7,1,7,7,True,"steinitz (Nm(A)=7, form 1)"
10,-40,2,Z/2Z,9,9,1,9,True,"free (f rep by principal, x=3, y=0)"
10,-40,2,Z/2Z,13,1,13,13,True,"steinitz (Nm(A)=13, form 1)"
10,-40,2,Z/2Z,19,19,1,19,True,"free (f rep by principal, x=3, y=1)"
10,-40,2,Z/2Z,37,1,37,37,True,"steinitz (Nm(A)=37, form 1)"
10,-40,2,Z/2Z,61,61,1,61,True,"free (no non-principal factorization, f likely inert)"
10,-40,2,Z/2Z,79,79,1,79,True,"free (no non-principal factorization, f likely inert)"
10,-40,2,Z/2Z,97,97,1,97,True,"free (no non-principal factorization, f likely inert)"
10,-40,2,Z/2Z,139,139,1,139,True,"free (f rep by principal, x=7, y=3)"
10,-40,2,Z/2Z,163,163,1,163,True,"free (no non-principal factorization, f likely inert)"
11,-11,1,trivial,7,7,1,7,True,free (h_K=1)
11,-11,1,trivial,9,9,1,9,True,free (h_K=1)
11,-11,1,trivial,13,13,1,13,True,free (h_K=1)
11,-11,1,trivial,19,19,1,19,True,free (h_K=1)
11,-11,1,trivial,37,37,1,37,True,free (h_K=1)
11,-11,1,trivial,61,61,1,61,True,free (h_K=1)
11,-11,1,trivial,79,79,1,79,True,free (h_K=1)
11,-11,1,trivial,97,97,1,97,True,free (h_K=1)
11,-11,1,trivial,139,139,1,139,True,free (h_K=1)
11,-11,1,trivial,163,163,1,163,True,free (h_K=1)
13,-52,2,Z/2Z,7,1,7,7,True,"steinitz (Nm(A)=7, form 1)"
13,-52,2,Z/2Z,9,9,1,9,True,"free (f rep by principal, x=3, y=0)"
13,-52,2,Z/2Z,13,13,1,13,True,"free (f rep by principal, x=0, y=1)"
13,-52,2,Z/2Z,19,1,19,19,True,"steinitz (Nm(A)=19, form 1)"
13,-52,2,Z/2Z,37,37,1,37,True,"free (no non-principal factorization, f likely inert)"
13,-52,2,Z/2Z,61,61,1,61,True,"free (f rep by principal, x=3, y=2)"
13,-52,2,Z/2Z,79,79,1,79,True,"free (no non-principal factorization, f likely inert)"
13,-52,2,Z/2Z,97,97,1,97,True,"free (no non-principal factorization, f likely inert)"
13,-52,2,Z/2Z,139,139,1,139,True,"free (no non-principal factorization, f likely inert)"
13,-52,2,Z/2Z,163,1,163,163,True,"steinitz (Nm(A)=163, form 1)"
14,-56,4,Z/4Z,7,1,7,7,True,"steinitz (Nm(A)=7, form 1)"
14,-56,4,Z/4Z,9,9,1,9,True,"free (f rep by principal, x=3, y=0)"
14,-56,4,Z/4Z,13,1,13,13,True,"steinitz (Nm(A)=13, form 2)"
14,-56,4,Z/4Z,19,1,19,19,True,"steinitz (Nm(A)=19, form 2)"
14,-56,4,Z/4Z,37,37,1,37,True,"free (no non-principal factorization, f likely inert)"
14,-56,4,Z/4Z,61,1,61,61,True,"steinitz (Nm(A)=61, form 2)"
14,-56,4,Z/4Z,79,1,79,79,True,"steinitz (Nm(A)=79, form 1)"
14,-56,4,Z/4Z,97,97,1,97,True,"free (no non-principal factorization, f likely inert)"
14,-56,4,Z/4Z,139,1,139,139,True,"steinitz (Nm(A)=139, form 2)"
14,-56,4,Z/4Z,163,163,1,163,True,"free (no non-principal factorization, f likely inert)"
15,-15,2,Z/2Z,7,7,1,7,True,"free (no non-principal factorization, f likely inert)"
15,-15,2,Z/2Z,9,9,1,9,True,"free (f rep by principal, x=3, y=0)"
15,-15,2,Z/2Z,13,13,1,13,True,"free (no non-principal factorization, f likely inert)"
15,-15,2,Z/2Z,19,19,1,19,True,"free (f rep by principal, x=1, y=2)"
15,-15,2,Z/2Z,37,37,1,37,True,"free (no non-principal factorization, f likely inert)"
15,-15,2,Z/2Z,61,61,1,61,True,"free (f rep by principal, x=-1, y=4)"
15,-15,2,Z/2Z,79,79,1,79,True,"free (f rep by principal, x=7, y=2)"
15,-15,2,Z/2Z,97,97,1,97,True,"free (no non-principal factorization, f likely inert)"
15,-15,2,Z/2Z,139,139,1,139,True,"free (f rep by principal, x=-1, y=6)"
15,-15,2,Z/2Z,163,163,1,163,True,"free (no non-principal factorization, f likely inert)"
17,-68,4,Z/4Z,7,1,7,7,True,"steinitz (Nm(A)=7, form 2)"
17,-68,4,Z/4Z,9,9,1,9,True,"free (f rep by principal, x=3, y=0)"
17,-68,4,Z/4Z,13,1,13,13,True,"steinitz (Nm(A)=13, form 1)"
17,-68,4,Z/4Z,19,19,1,19,True,"free (no non-principal factorization, f likely inert)"
17,-68,4,Z/4Z,37,37,1,37,True,"free (no non-principal factorization, f likely inert)"
17,-68,4,Z/4Z,61,61,1,61,True,"free (no non-principal factorization, f likely inert)"
17,-68,4,Z/4Z,79,1,79,79,True,"steinitz (Nm(A)=79, form 2)"
17,-68,4,Z/4Z,97,97,1,97,True,"free (no non-principal factorization, f likely inert)"
17,-68,4,Z/4Z,139,1,139,139,True,"steinitz (Nm(A)=139, form 2)"
17,-68,4,Z/4Z,163,1,163,163,True,"steinitz (Nm(A)=163, form 2)"
19,-19,1,trivial,7,7,1,7,True,free (h_K=1)
19,-19,1,trivial,9,9,1,9,True,free (h_K=1)
19,-19,1,trivial,13,13,1,13,True,free (h_K=1)
19,-19,1,trivial,19,19,1,19,True,free (h_K=1)
19,-19,1,trivial,37,37,1,37,True,free (h_K=1)
19,-19,1,trivial,61,61,1,61,True,free (h_K=1)
19,-19,1,trivial,79,79,1,79,True,free (h_K=1)
19,-19,1,trivial,97,97,1,97,True,free (h_K=1)
19,-19,1,trivial,139,139,1,139,True,free (h_K=1)
19,-19,1,trivial,163,163,1,163,True,free (h_K=1)
21,-84,4,Z/2Z x Z/2Z,7,1,7,7,True,"steinitz (Nm(A)=7, form 2)"
21,-84,4,Z/2Z x Z/2Z,9,9,1,9,True,"free (f rep by principal, x=3, y=0)"
21,-84,4,Z/2Z x Z/2Z,13,13,1,13,True,"free (no non-principal factorization, f likely inert)"
21,-84,4,Z/2Z x Z/2Z,19,1,19,19,True,"steinitz (Nm(A)=19, form 2)"
21,-84,4,Z/2Z x Z/2Z,37,37,1,37,True,"free (f rep by principal, x=4, y=1)"
21,-84,4,Z/2Z x Z/2Z,61,61,1,61,True,"free (no non-principal factorization, f likely inert)"
21,-84,4,Z/2Z x Z/2Z,79,79,1,79,True,"free (no non-principal factorization, f likely inert)"
21,-84,4,Z/2Z x Z/2Z,97,97,1,97,True,"free (no non-principal factorization, f likely inert)"
21,-84,4,Z/2Z x Z/2Z,139,1,139,139,True,"steinitz (Nm(A)=139, form 2)"
21,-84,4,Z/2Z x Z/2Z,163,163,1,163,True,"free (no non-principal factorization, f likely inert)"
22,-88,2,Z/2Z,7,7,1,7,True,"free (no non-principal factorization, f likely inert)"
22,-88,2,Z/2Z,9,9,1,9,True,"free (f rep by principal, x=3, y=0)"
22,-88,2,Z/2Z,13,1,13,13,True,"steinitz (Nm(A)=13, form 1)"
22,-88,2,Z/2Z,19,1,19,19,True,"steinitz (Nm(A)=19, form 1)"
22,-88,2,Z/2Z,37,37,1,37,True,"free (no non-principal factorization, f likely inert)"
22,-88,2,Z/2Z,61,1,61,61,True,"steinitz (Nm(A)=61, form 1)"
22,-88,2,Z/2Z,79,79,1,79,True,"free (no non-principal factorization, f likely inert)"
22,-88,2,Z/2Z,97,97,1,97,True,"free (f rep by principal, x=3, y=2)"
22,-88,2,Z/2Z,139,1,139,139,True,"steinitz (Nm(A)=139, form 1)"
22,-88,2,Z/2Z,163,163,1,163,True,"free (no non-principal factorization, f likely inert)"
23,-23,3,Z/3Z,7,7,1,7,True,"free (no non-principal factorization, f likely inert)"
23,-23,3,Z/3Z,9,9,1,9,True,"free (f rep by principal, x=3, y=0)"
23,-23,3,Z/3Z,13,1,13,13,True,"steinitz (Nm(A)=13, form 1)"
23,-23,3,Z/3Z,19,19,1,19,True,"free (no non-principal factorization, f likely inert)"
23,-23,3,Z/3Z,37,37,1,37,True,"free (no non-principal factorization, f likely inert)"
23,-23,3,Z/3Z,61,61,1,61,True,"free (no non-principal factorization, f likely inert)"
23,-23,3,Z/3Z,79,79,1,79,True,"free (no non-principal factorization, f likely inert)"
23,-23,3,Z/3Z,97,97,1,97,True,"free (no non-principal factorization, f likely inert)"
23,-23,3,Z/3Z,139,1,139,139,True,"steinitz (Nm(A)=139, form 1)"
23,-23,3,Z/3Z,163,1,163,163,True,"steinitz (Nm(A)=163, form 1)"
26,-104,6,order 6,7,1,7,7,True,"steinitz (Nm(A)=7, form 4)"
26,-104,6,order 6,9,9,1,9,True,"free (f rep by principal, x=3, y=0)"
26,-104,6,order 6,13,1,13,13,True,"steinitz (Nm(A)=13, form 1)"
26,-104,6,order 6,19,19,1,19,True,"free (no non-principal factorization, f likely inert)"
26,-104,6,order 6,37,1,37,37,True,"steinitz (Nm(A)=37, form 4)"
26,-104,6,order 6,61,61,1,61,True,"free (no non-principal factorization, f likely inert)"
26,-104,6,order 6,79,79,1,79,True,"free (no non-principal factorization, f likely inert)"
26,-104,6,order 6,97,97,1,97,True,"free (no non-principal factorization, f likely inert)"
26,-104,6,order 6,139,1,139,139,True,"steinitz (Nm(A)=139, form 2)"
26,-104,6,order 6,163,163,1,163,True,"free (no non-principal factorization, f likely inert)"
29,-116,6,order 6,7,7,1,7,True,"free (no non-principal factorization, f likely inert)"
29,-116,6,order 6,9,9,1,9,True,"free (f rep by principal, x=3, y=0)"
29,-116,6,order 6,13,1,13,13,True,"steinitz (Nm(A)=13, form 4)"
29,-116,6,order 6,19,1,19,19,True,"steinitz (Nm(A)=19, form 1)"
29,-116,6,order 6,37,37,1,37,True,"free (no non-principal factorization, f likely inert)"
29,-116,6,order 6,61,61,1,61,True,"free (no non-principal factorization, f likely inert)"
29,-116,6,order 6,79,1,79,79,True,"steinitz (Nm(A)=79, form 2)"
29,-116,6,order 6,97,97,1,97,True,"free (no non-principal factorization, f likely inert)"
29,-116,6,order 6,139,139,1,139,True,"free (no non-principal factorization, f likely inert)"
29,-116,6,order 6,163,1,163,163,True,"steinitz (Nm(A)=163, form 2)"
30,-120,4,Z/2Z x Z/2Z,7,7,1,7,True,"free (no non-principal factorization, f likely inert)"
30,-120,4,Z/2Z x Z/2Z,9,9,1,9,True,"free (f rep by principal, x=3, y=0)"
30,-120,4,Z/2Z x Z/2Z,13,1,13,13,True,"steinitz (Nm(A)=13, form 2)"
30,-120,4,Z/2Z x Z/2Z,19,19,1,19,True,"free (no non-principal factorization, f likely inert)"
30,-120,4,Z/2Z x Z/2Z,37,1,37,37,True,"steinitz (Nm(A)=37, form 2)"
30,-120,4,Z/2Z x Z/2Z,61,61,1,61,True,"free (no non-principal factorization, f likely inert)"
30,-120,4,Z/2Z x Z/2Z,79,79,1,79,True,"free (f rep by principal, x=7, y=1)"
30,-120,4,Z/2Z x Z/2Z,97,97,1,97,True,"free (no non-principal factorization, f likely inert)"
30,-120,4,Z/2Z x Z/2Z,139,139,1,139,True,"free (no non-principal factorization, f likely inert)"
30,-120,4,Z/2Z x Z/2Z,163,1,163,163,True,"steinitz (Nm(A)=163, form 2)"
31,-31,3,Z/3Z,7,1,7,7,True,"steinitz (Nm(A)=7, form 1)"
31,-31,3,Z/3Z,9,9,1,9,True,"free (f rep by principal, x=3, y=0)"
31,-31,3,Z/3Z,13,13,1,13,True,"free (no non-principal factorization, f likely inert)"
31,-31,3,Z/3Z,19,1,19,19,True,"steinitz (Nm(A)=19, form 1)"
31,-31,3,Z/3Z,37,37,1,37,True,"free (no non-principal factorization, f likely inert)"
31,-31,3,Z/3Z,61,61,1,61,True,"free (no non-principal factorization, f likely inert)"
31,-31,3,Z/3Z,79,79,1,79,True,"free (no non-principal factorization, f likely inert)"
31,-31,3,Z/3Z,97,1,97,97,True,"steinitz (Nm(A)=97, form 1)"
31,-31,3,Z/3Z,139,139,1,139,True,"free (no non-principal factorization, f likely inert)"
31,-31,3,Z/3Z,163,1,163,163,True,"steinitz (Nm(A)=163, form 1)"
33,-132,4,Z/2Z x Z/2Z,7,1,7,7,True,"steinitz (Nm(A)=7, form 3)"
33,-132,4,Z/2Z x Z/2Z,9,9,1,9,True,"free (f rep by principal, x=3, y=0)"
33,-132,4,Z/2Z x Z/2Z,13,13,1,13,True,"free (no non-principal factorization, f likely inert)"
33,-132,4,Z/2Z x Z/2Z,19,1,19,19,True,"steinitz (Nm(A)=19, form 3)"
33,-132,4,Z/2Z x Z/2Z,37,37,1,37,True,"free (f rep by principal, x=2, y=1)"
33,-132,4,Z/2Z x Z/2Z,61,61,1,61,True,"free (no non-principal factorization, f likely inert)"
33,-132,4,Z/2Z x Z/2Z,79,1,79,79,True,"steinitz (Nm(A)=79, form 3)"
33,-132,4,Z/2Z x Z/2Z,97,97,1,97,True,"free (f rep by principal, x=8, y=1)"
33,-132,4,Z/2Z x Z/2Z,139,1,139,139,True,"steinitz (Nm(A)=139, form 3)"
33,-132,4,Z/2Z x Z/2Z,163,163,1,163,True,"free (no non-principal factorization, f likely inert)"
34,-136,4,Z/4Z,7,1,7,7,True,"steinitz (Nm(A)=7, form 2)"
34,-136,4,Z/4Z,9,9,1,9,True,"free (f rep by principal, x=3, y=0)"
34,-136,4,Z/4Z,13,13,1,13,True,"free (no non-principal factorization, f likely inert)"
34,-136,4,Z/4Z,19,1,19,19,True,"steinitz (Nm(A)=19, form 1)"
34,-136,4,Z/4Z,37,1,37,37,True,"steinitz (Nm(A)=37, form 2)"
34,-136,4,Z/4Z,61,1,61,61,True,"steinitz (Nm(A)=61, form 2)"
34,-136,4,Z/4Z,79,1,79,79,True,"steinitz (Nm(A)=79, form 2)"
34,-136,4,Z/4Z,97,97,1,97,True,"free (no non-principal factorization, f likely inert)"
34,-136,4,Z/4Z,139,139,1,139,True,"free (no non-principal factorization, f likely inert)"
34,-136,4,Z/4Z,163,163,1,163,True,"free (no non-principal factorization, f likely inert)"
35,-35,2,Z/2Z,7,1,7,7,True,"steinitz (Nm(A)=7, form 1)"
35,-35,2,Z/2Z,9,9,1,9,True,"free (f rep by principal, x=3, y=0)"
35,-35,2,Z/2Z,13,1,13,13,True,"steinitz (Nm(A)=13, form 1)"
35,-35,2,Z/2Z,19,19,1,19,True,"free (no non-principal factorization, f likely inert)"
35,-35,2,Z/2Z,37,37,1,37,True,"free (no non-principal factorization, f likely inert)"
35,-35,2,Z/2Z,61,61,1,61,True,"free (no non-principal factorization, f likely inert)"
35,-35,2,Z/2Z,79,79,1,79,True,"free (f rep by principal, x=-1, y=3)"
35,-35,2,Z/2Z,97,1,97,97,True,"steinitz (Nm(A)=97, form 1)"
35,-35,2,Z/2Z,139,139,1,139,True,"free (no non-principal factorization, f likely inert)"
35,-35,2,Z/2Z,163,163,1,163,True,"free (no non-principal factorization, f likely inert)"
37,-148,2,Z/2Z,7,7,1,7,True,"free (no non-principal factorization, f likely inert)"
37,-148,2,Z/2Z,9,9,1,9,True,"free (f rep by principal, x=3, y=0)"
37,-148,2,Z/2Z,13,13,1,13,True,"free (no non-principal factorization, f likely inert)"
37,-148,2,Z/2Z,19,1,19,19,True,"steinitz (Nm(A)=19, form 1)"
37,-148,2,Z/2Z,37,37,1,37,True,"free (f rep by principal, x=0, y=1)"
37,-148,2,Z/2Z,61,61,1,61,True,"free (no non-principal factorization, f likely inert)"
37,-148,2,Z/2Z,79,1,79,79,True,"steinitz (Nm(A)=79, form 1)"
37,-148,2,Z/2Z,97,97,1,97,True,"free (no non-principal factorization, f likely inert)"
37,-148,2,Z/2Z,139,139,1,139,True,"free (no non-principal factorization, f likely inert)"
37,-148,2,Z/2Z,163,1,163,163,True,"steinitz (Nm(A)=163, form 1)"
38,-152,6,order 6,7,1,7,7,True,"steinitz (Nm(A)=7, form 4)"
38,-152,6,order 6,9,9,1,9,True,"free (f rep by principal, x=3, y=0)"
38,-152,6,order 6,13,1,13,13,True,"steinitz (Nm(A)=13, form 2)"
38,-152,6,order 6,19,1,19,19,True,"steinitz (Nm(A)=19, form 1)"
38,-152,6,order 6,37,1,37,37,True,"steinitz (Nm(A)=37, form 1)"
38,-152,6,order 6,61,61,1,61,True,"free (no non-principal factorization, f likely inert)"
38,-152,6,order 6,79,79,1,79,True,"free (no non-principal factorization, f likely inert)"
38,-152,6,order 6,97,97,1,97,True,"free (no non-principal factorization, f likely inert)"
38,-152,6,order 6,139,139,1,139,True,"free (no non-principal factorization, f likely inert)"
38,-152,6,order 6,163,163,1,163,True,"free (no non-principal factorization, f likely inert)"
39,-39,4,Z/4Z,7,7,1,7,True,"free (no non-principal factorization, f likely inert)"
39,-39,4,Z/4Z,9,9,1,9,True,"free (f rep by principal, x=3, y=0)"
39,-39,4,Z/4Z,13,1,13,13,True,"steinitz (Nm(A)=13, form 3)"
39,-39,4,Z/4Z,19,19,1,19,True,"free (no non-principal factorization, f likely inert)"
39,-39,4,Z/4Z,37,37,1,37,True,"free (no non-principal factorization, f likely inert)"
39,-39,4,Z/4Z,61,1,61,61,True,"steinitz (Nm(A)=61, form 3)"
39,-39,4,Z/4Z,79,1,79,79,True,"steinitz (Nm(A)=79, form 3)"
39,-39,4,Z/4Z,97,97,1,97,True,"free (no non-principal factorization, f likely inert)"
39,-39,4,Z/4Z,139,139,1,139,True,"free (f rep by principal, x=9, y=2)"
39,-39,4,Z/4Z,163,163,1,163,True,"free (no non-principal factorization, f likely inert)"
41,-164,8,order 8,7,1,7,7,True,"steinitz (Nm(A)=7, form 6)"
41,-164,8,order 8,9,9,1,9,True,"free (f rep by principal, x=3, y=0)"
41,-164,8,order 8,13,13,1,13,True,"free (no non-principal factorization, f likely inert)"
41,-164,8,order 8,19,1,19,19,True,"steinitz (Nm(A)=19, form 2)"
41,-164,8,order 8,37,1,37,37,True,"steinitz (Nm(A)=37, form 4)"
41,-164,8,order 8,61,1,61,61,True,"steinitz (Nm(A)=61, form 1)"
41,-164,8,order 8,79,1,79,79,True,"steinitz (Nm(A)=79, form 2)"
41,-164,8,order 8,97,97,1,97,True,"free (no non-principal factorization, f likely inert)"
41,-164,8,order 8,139,139,1,139,True,"free (no non-principal factorization, f likely inert)"
41,-164,8,order 8,163,163,1,163,True,"free (no non-principal factorization, f likely inert)"
42,-168,4,Z/2Z x Z/2Z,7,1,7,7,True,"steinitz (Nm(A)=7, form 3)"
42,-168,4,Z/2Z x Z/2Z,9,9,1,9,True,"free (f rep by principal, x=3, y=0)"
42,-168,4,Z/2Z x Z/2Z,13,1,13,13,True,"steinitz (Nm(A)=13, form 3)"
42,-168,4,Z/2Z x Z/2Z,19,19,1,19,True,"free (no non-principal factorization, f likely inert)"
42,-168,4,Z/2Z x Z/2Z,37,37,1,37,True,"free (no non-principal factorization, f likely inert)"
42,-168,4,Z/2Z x Z/2Z,61,1,61,61,True,"steinitz (Nm(A)=61, form 3)"
42,-168,4,Z/2Z x Z/2Z,79,79,1,79,True,"free (no non-principal factorization, f likely inert)"
42,-168,4,Z/2Z x Z/2Z,97,97,1,97,True,"free (no non-principal factorization, f likely inert)"
42,-168,4,Z/2Z x Z/2Z,139,139,1,139,True,"free (no non-principal factorization, f likely inert)"
42,-168,4,Z/2Z x Z/2Z,163,163,1,163,True,"free (f rep by principal, x=11, y=1)"
43,-43,1,trivial,7,7,1,7,True,free (h_K=1)
43,-43,1,trivial,9,9,1,9,True,free (h_K=1)
43,-43,1,trivial,13,13,1,13,True,free (h_K=1)
43,-43,1,trivial,19,19,1,19,True,free (h_K=1)
43,-43,1,trivial,37,37,1,37,True,free (h_K=1)
43,-43,1,trivial,61,61,1,61,True,free (h_K=1)
43,-43,1,trivial,79,79,1,79,True,free (h_K=1)
43,-43,1,trivial,97,97,1,97,True,free (h_K=1)
43,-43,1,trivial,139,139,1,139,True,free (h_K=1)
43,-43,1,trivial,163,163,1,163,True,free (h_K=1)
46,-184,4,Z/4Z,7,7,1,7,True,"free (no non-principal factorization, f likely inert)"
46,-184,4,Z/4Z,9,9,1,9,True,"free (f rep by principal, x=3, y=0)"
46,-184,4,Z/4Z,13,13,1,13,True,"free (no non-principal factorization, f likely inert)"
46,-184,4,Z/4Z,19,1,19,19,True,"steinitz (Nm(A)=19, form 2)"
46,-184,4,Z/4Z,37,1,37,37,True,"steinitz (Nm(A)=37, form 2)"
46,-184,4,Z/4Z,61,1,61,61,True,"steinitz (Nm(A)=61, form 2)"
46,-184,4,Z/4Z,79,79,1,79,True,"free (no non-principal factorization, f likely inert)"
46,-184,4,Z/4Z,97,97,1,97,True,"free (no non-principal factorization, f likely inert)"
46,-184,4,Z/4Z,139,139,1,139,True,"free (no non-principal factorization, f likely inert)"
46,-184,4,Z/4Z,163,163,1,163,True,"free (no non-principal factorization, f likely inert)"
47,-47,5,order 5,7,1,7,7,True,"steinitz (Nm(A)=7, form 1)"
47,-47,5,order 5,9,9,1,9,True,"free (f rep by principal, x=3, y=0)"
47,-47,5,order 5,13,13,1,13,True,"free (no non-principal factorization, f likely inert)"
47,-47,5,order 5,19,19,1,19,True,"free (no non-principal factorization, f likely inert)"
47,-47,5,order 5,37,1,37,37,True,"steinitz (Nm(A)=37, form 3)"
47,-47,5,order 5,61,1,61,61,True,"steinitz (Nm(A)=61, form 1)"
47,-47,5,order 5,79,1,79,79,True,"steinitz (Nm(A)=79, form 3)"
47,-47,5,order 5,97,1,97,97,True,"steinitz (Nm(A)=97, form 1)"
47,-47,5,order 5,139,139,1,139,True,"free (no non-principal factorization, f likely inert)"
47,-47,5,order 5,163,163,1,163,True,"free (no non-principal factorization, f likely inert)"
51,-51,2,Z/2Z,7,7,1,7,True,"free (no non-principal factorization, f likely inert)"
51,-51,2,Z/2Z,9,9,1,9,True,"free (f rep by principal, x=3, y=0)"
51,-51,2,Z/2Z,13,13,1,13,True,"free (f rep by principal, x=0, y=1)"
51,-51,2,Z/2Z,19,19,1,19,True,"free (f rep by principal, x=2, y=1)"
51,-51,2,Z/2Z,37,37,1,37,True,"free (no non-principal factorization, f likely inert)"
51,-51,2,Z/2Z,61,61,1,61,True,"free (no non-principal factorization, f likely inert)"
51,-51,2,Z/2Z,79,79,1,79,True,"free (no non-principal factorization, f likely inert)"
51,-51,2,Z/2Z,97,97,1,97,True,"free (no non-principal factorization, f likely inert)"
51,-51,2,Z/2Z,139,139,1,139,True,"free (no non-principal factorization, f likely inert)"
51,-51,2,Z/2Z,163,163,1,163,True,"free (no non-principal factorization, f likely inert)"
53,-212,6,order 6,7,7,1,7,True,"free (no non-principal factorization, f likely inert)"
53,-212,6,order 6,9,9,1,9,True,"free (f rep by principal, x=3, y=0)"
53,-212,6,order 6,13,1,13,13,True,"steinitz (Nm(A)=13, form 4)"
53,-212,6,order 6,19,1,19,19,True,"steinitz (Nm(A)=19, form 2)"
53,-212,6,order 6,37,1,37,37,True,"steinitz (Nm(A)=37, form 4)"
53,-212,6,order 6,61,61,1,61,True,"free (no non-principal factorization, f likely inert)"
53,-212,6,order 6,79,1,79,79,True,"steinitz (Nm(A)=79, form 2)"
53,-212,6,order 6,97,1,97,97,True,"steinitz (Nm(A)=97, form 4)"
53,-212,6,order 6,139,1,139,139,True,"steinitz (Nm(A)=139, form 1)"
53,-212,6,order 6,163,163,1,163,True,"free (no non-principal factorization, f likely inert)"
55,-55,4,Z/4Z,7,1,7,7,True,"steinitz (Nm(A)=7, form 1)"
55,-55,4,Z/4Z,9,9,1,9,True,"free (f rep by principal, x=3, y=0)"
55,-55,4,Z/4Z,13,1,13,13,True,"steinitz (Nm(A)=13, form 1)"
55,-55,4,Z/4Z,19,19,1,19,True,"free (no non-principal factorization, f likely inert)"
55,-55,4,Z/4Z,37,37,1,37,True,"free (no non-principal factorization, f likely inert)"
55,-55,4,Z/4Z,61,61,1,61,True,"free (no non-principal factorization, f likely inert)"
55,-55,4,Z/4Z,79,79,1,79,True,"free (no non-principal factorization, f likely inert)"
55,-55,4,Z/4Z,97,97,1,97,True,"free (no non-principal factorization, f likely inert)"
55,-55,4,Z/4Z,139,139,1,139,True,"free (no non-principal factorization, f likely inert)"
55,-55,4,Z/4Z,163,163,1,163,True,"free (no non-principal factorization, f likely inert)"
57,-228,4,Z/2Z x Z/2Z,7,7,1,7,True,"free (no non-principal factorization, f likely inert)"
57,-228,4,Z/2Z x Z/2Z,9,9,1,9,True,"free (f rep by principal, x=3, y=0)"
57,-228,4,Z/2Z x Z/2Z,13,13,1,13,True,"free (no non-principal factorization, f likely inert)"
57,-228,4,Z/2Z x Z/2Z,19,1,19,19,True,"steinitz (Nm(A)=19, form 2)"
57,-228,4,Z/2Z x Z/2Z,37,37,1,37,True,"free (no non-principal factorization, f likely inert)"
57,-228,4,Z/2Z x Z/2Z,61,61,1,61,True,"free (f rep by principal, x=2, y=1)"
57,-228,4,Z/2Z x Z/2Z,79,1,79,79,True,"steinitz (Nm(A)=79, form 2)"
57,-228,4,Z/2Z x Z/2Z,97,97,1,97,True,"free (no non-principal factorization, f likely inert)"
57,-228,4,Z/2Z x Z/2Z,139,139,1,139,True,"free (no non-principal factorization, f likely inert)"
57,-228,4,Z/2Z x Z/2Z,163,163,1,163,True,"free (no non-principal factorization, f likely inert)"
58,-232,2,Z/2Z,7,7,1,7,True,"free (no non-principal factorization, f likely inert)"
58,-232,2,Z/2Z,9,9,1,9,True,"free (f rep by principal, x=3, y=0)"
58,-232,2,Z/2Z,13,13,1,13,True,"free (no non-principal factorization, f likely inert)"
58,-232,2,Z/2Z,19,19,1,19,True,"free (no non-principal factorization, f likely inert)"
58,-232,2,Z/2Z,37,1,37,37,True,"steinitz (Nm(A)=37, form 1)"
58,-232,2,Z/2Z,61,1,61,61,True,"steinitz (Nm(A)=61, form 1)"
58,-232,2,Z/2Z,79,1,79,79,True,"steinitz (Nm(A)=79, form 1)"
58,-232,2,Z/2Z,97,97,1,97,True,"free (no non-principal factorization, f likely inert)"
58,-232,2,Z/2Z,139,139,1,139,True,"free (f rep by principal, x=9, y=1)"
58,-232,2,Z/2Z,163,163,1,163,True,"free (no non-principal factorization, f likely inert)"
59,-59,3,Z/3Z,7,1,7,7,True,"steinitz (Nm(A)=7, form 1)"
59,-59,3,Z/3Z,9,9,1,9,True,"free (f rep by principal, x=3, y=0)"
59,-59,3,Z/3Z,13,13,1,13,True,"free (no non-principal factorization, f likely inert)"
59,-59,3,Z/3Z,19,1,19,19,True,"steinitz (Nm(A)=19, form 1)"
59,-59,3,Z/3Z,37,37,1,37,True,"free (no non-principal factorization, f likely inert)"
59,-59,3,Z/3Z,61,61,1,61,True,"free (no non-principal factorization, f likely inert)"
59,-59,3,Z/3Z,79,1,79,79,True,"steinitz (Nm(A)=79, form 1)"
59,-59,3,Z/3Z,97,97,1,97,True,"free (no non-principal factorization, f likely inert)"
59,-59,3,Z/3Z,139,139,1,139,True,"free (f rep by principal, x=1, y=3)"
59,-59,3,Z/3Z,163,163,1,163,True,"free (f rep by principal, x=4, y=3)"
61,-244,6,order 6,7,1,7,7,True,"steinitz (Nm(A)=7, form 4)"
61,-244,6,order 6,9,9,1,9,True,"free (f rep by principal, x=3, y=0)"
61,-244,6,order 6,13,1,13,13,True,"steinitz (Nm(A)=13, form 2)"
61,-244,6,order 6,19,19,1,19,True,"free (no non-principal factorization, f likely inert)"
61,-244,6,order 6,37,37,1,37,True,"free (no non-principal factorization, f likely inert)"
61,-244,6,order 6,61,61,1,61,True,"free (f rep by principal, x=0, y=1)"
61,-244,6,order 6,79,1,79,79,True,"steinitz (Nm(A)=79, form 4)"
61,-244,6,order 6,97,97,1,97,True,"free (f rep by principal, x=6, y=1)"
61,-244,6,order 6,139,1,139,139,True,"steinitz (Nm(A)=139, form 4)"
61,-244,6,order 6,163,163,1,163,True,"free (no non-principal factorization, f likely inert)"
62,-248,8,order 8,7,1,7,7,True,"steinitz (Nm(A)=7, form 6)"
62,-248,8,order 8,9,9,1,9,True,"free (f rep by principal, x=3, y=0)"
62,-248,8,order 8,13,1,13,13,True,"steinitz (Nm(A)=13, form 4)"
62,-248,8,order 8,19,19,1,19,True,"free (no non-principal factorization, f likely inert)"
62,-248,8,order 8,37,1,37,37,True,"steinitz (Nm(A)=37, form 2)"
62,-248,8,order 8,61,1,61,61,True,"steinitz (Nm(A)=61, form 2)"
62,-248,8,order 8,79,79,1,79,True,"free (no non-principal factorization, f likely inert)"
62,-248,8,order 8,97,1,97,97,True,"steinitz (Nm(A)=97, form 6)"
62,-248,8,order 8,139,1,139,139,True,"steinitz (Nm(A)=139, form 2)"
62,-248,8,order 8,163,163,1,163,True,"free (no non-principal factorization, f likely inert)"
65,-260,8,order 8,7,7,1,7,True,"free (no non-principal factorization, f likely inert)"
65,-260,8,order 8,9,9,1,9,True,"free (f rep by principal, x=3, y=0)"
65,-260,8,order 8,13,1,13,13,True,"steinitz (Nm(A)=13, form 4)"
65,-260,8,order 8,19,1,19,19,True,"steinitz (Nm(A)=19, form 5)"
65,-260,8,order 8,37,1,37,37,True,"steinitz (Nm(A)=37, form 1)"
65,-260,8,order 8,61,1,61,61,True,"steinitz (Nm(A)=61, form 7)"
65,-260,8,order 8,79,79,1,79,True,"free (no non-principal factorization, f likely inert)"
65,-260,8,order 8,97,1,97,97,True,"steinitz (Nm(A)=97, form 4)"
65,-260,8,order 8,139,139,1,139,True,"free (no non-principal factorization, f likely inert)"
65,-260,8,order 8,163,163,1,163,True,"free (no non-principal factorization, f likely inert)"
66,-264,8,order 8,7,1,7,7,True,"steinitz (Nm(A)=7, form 6)"
66,-264,8,order 8,9,9,1,9,True,"free (f rep by principal, x=3, y=0)"
66,-264,8,order 8,13,1,13,13,True,"steinitz (Nm(A)=13, form 6)"
66,-264,8,order 8,19,19,1,19,True,"free (no non-principal factorization, f likely inert)"
66,-264,8,order 8,37,37,1,37,True,"free (no non-principal factorization, f likely inert)"
66,-264,8,order 8,61,1,61,61,True,"steinitz (Nm(A)=61, form 6)"
66,-264,8,order 8,79,1,79,79,True,"steinitz (Nm(A)=79, form 6)"
66,-264,8,order 8,97,1,97,97,True,"steinitz (Nm(A)=97, form 2)"
66,-264,8,order 8,139,139,1,139,True,"free (no non-principal factorization, f likely inert)"
66,-264,8,order 8,163,1,163,163,True,"steinitz (Nm(A)=163, form 2)"
67,-67,1,trivial,7,7,1,7,True,free (h_K=1)
67,-67,1,trivial,9,9,1,9,True,free (h_K=1)
67,-67,1,trivial,13,13,1,13,True,free (h_K=1)
67,-67,1,trivial,19,19,1,19,True,free (h_K=1)
67,-67,1,trivial,37,37,1,37,True,free (h_K=1)
67,-67,1,trivial,61,61,1,61,True,free (h_K=1)
67,-67,1,trivial,79,79,1,79,True,free (h_K=1)
67,-67,1,trivial,97,97,1,97,True,free (h_K=1)
67,-67,1,trivial,139,139,1,139,True,free (h_K=1)
67,-67,1,trivial,163,163,1,163,True,free (h_K=1)
69,-276,8,order 8,7,1,7,7,True,"steinitz (Nm(A)=7, form 6)"
69,-276,8,order 8,9,9,1,9,True,"free (f rep by principal, x=3, y=0)"
69,-276,8,order 8,13,1,13,13,True,"steinitz (Nm(A)=13, form 5)"
69,-276,8,order 8,19,1,19,19,True,"steinitz (Nm(A)=19, form 6)"
69,-276,8,order 8,37,37,1,37,True,"free (no non-principal factorization, f likely inert)"
69,-276,8,order 8,61,61,1,61,True,"free (no non-principal factorization, f likely inert)"
69,-276,8,order 8,79,1,79,79,True,"steinitz (Nm(A)=79, form 6)"
69,-276,8,order 8,97,97,1,97,True,"free (no non-principal factorization, f likely inert)"
69,-276,8,order 8,139,139,1,139,True,"free (no non-principal factorization, f likely inert)"
69,-276,8,order 8,163,163,1,163,True,"free (no non-principal factorization, f likely inert)"
70,-280,4,Z/2Z x Z/2Z,7,1,7,7,True,"steinitz (Nm(A)=7, form 3)"
70,-280,4,Z/2Z x Z/2Z,9,9,1,9,True,"free (f rep by principal, x=3, y=0)"
70,-280,4,Z/2Z x Z/2Z,13,13,1,13,True,"free (no non-principal factorization, f likely inert)"
70,-280,4,Z/2Z x Z/2Z,19,1,19,19,True,"steinitz (Nm(A)=19, form 2)"
70,-280,4,Z/2Z x Z/2Z,37,1,37,37,True,"steinitz (Nm(A)=37, form 1)"
70,-280,4,Z/2Z x Z/2Z,61,1,61,61,True,"steinitz (Nm(A)=61, form 2)"
70,-280,4,Z/2Z x Z/2Z,79,79,1,79,True,"free (f rep by principal, x=3, y=1)"
70,-280,4,Z/2Z x Z/2Z,97,1,97,97,True,"steinitz (Nm(A)=97, form 3)"
70,-280,4,Z/2Z x Z/2Z,139,1,139,139,True,"steinitz (Nm(A)=139, form 2)"
70,-280,4,Z/2Z x Z/2Z,163,1,163,163,True,"steinitz (Nm(A)=163, form 1)"
71,-71,7,order 7,7,7,1,7,True,"free (no non-principal factorization, f likely inert)"
71,-71,7,order 7,9,9,1,9,True,"free (f rep by principal, x=3, y=0)"
71,-71,7,order 7,13,13,1,13,True,"free (no non-principal factorization, f likely inert)"
71,-71,7,order 7,19,1,19,19,True,"steinitz (Nm(A)=19, form 1)"
71,-71,7,order 7,37,1,37,37,True,"steinitz (Nm(A)=37, form 1)"
71,-71,7,order 7,61,61,1,61,True,"free (no non-principal factorization, f likely inert)"
71,-71,7,order 7,79,1,79,79,True,"steinitz (Nm(A)=79, form 5)"
71,-71,7,order 7,97,97,1,97,True,"free (no non-principal factorization, f likely inert)"
71,-71,7,order 7,139,139,1,139,True,"free (no non-principal factorization, f likely inert)"
71,-71,7,order 7,163,163,1,163,True,"free (no non-principal factorization, f likely inert)"
73,-292,4,Z/4Z,7,1,7,7,True,"steinitz (Nm(A)=7, form 2)"
73,-292,4,Z/4Z,9,9,1,9,True,"free (f rep by principal, x=3, y=0)"
73,-292,4,Z/4Z,13,13,1,13,True,"free (no non-principal factorization, f likely inert)"
73,-292,4,Z/4Z,19,19,1,19,True,"free (no non-principal factorization, f likely inert)"
73,-292,4,Z/4Z,37,1,37,37,True,"steinitz (Nm(A)=37, form 1)"
73,-292,4,Z/4Z,61,1,61,61,True,"steinitz (Nm(A)=61, form 1)"
73,-292,4,Z/4Z,79,79,1,79,True,"free (no non-principal factorization, f likely inert)"
73,-292,4,Z/4Z,97,1,97,97,True,"steinitz (Nm(A)=97, form 1)"
73,-292,4,Z/4Z,139,1,139,139,True,"steinitz (Nm(A)=139, form 2)"
73,-292,4,Z/4Z,163,1,163,163,True,"steinitz (Nm(A)=163, form 2)"
74,-296,10,order 10,7,7,1,7,True,"free (no non-principal factorization, f likely inert)"
74,-296,10,order 10,9,9,1,9,True,"free (f rep by principal, x=3, y=0)"
74,-296,10,order 10,13,1,13,13,True,"steinitz (Nm(A)=13, form 6)"
74,-296,10,order 10,19,19,1,19,True,"free (no non-principal factorization, f likely inert)"
74,-296,10,order 10,37,1,37,37,True,"steinitz (Nm(A)=37, form 1)"
74,-296,10,order 10,61,1,61,61,True,"steinitz (Nm(A)=61, form 4)"
74,-296,10,order 10,79,1,79,79,True,"steinitz (Nm(A)=79, form 6)"
74,-296,10,order 10,97,97,1,97,True,"free (no non-principal factorization, f likely inert)"
74,-296,10,order 10,139,1,139,139,True,"steinitz (Nm(A)=139, form 2)"
74,-296,10,order 10,163,163,1,163,True,"free (no non-principal factorization, f likely inert)"
77,-308,8,order 8,7,1,7,7,True,"steinitz (Nm(A)=7, form 6)"
77,-308,8,order 8,9,9,1,9,True,"free (f rep by principal, x=3, y=0)"
77,-308,8,order 8,13,1,13,13,True,"steinitz (Nm(A)=13, form 4)"
77,-308,8,order 8,19,19,1,19,True,"free (no non-principal factorization, f likely inert)"
77,-308,8,order 8,37,1,37,37,True,"steinitz (Nm(A)=37, form 7)"
77,-308,8,order 8,61,1,61,61,True,"steinitz (Nm(A)=61, form 4)"
77,-308,8,order 8,79,1,79,79,True,"steinitz (Nm(A)=79, form 1)"
77,-308,8,order 8,97,97,1,97,True,"free (no non-principal factorization, f likely inert)"
77,-308,8,order 8,139,139,1,139,True,"free (no non-principal factorization, f likely inert)"
77,-308,8,order 8,163,163,1,163,True,"free (no non-principal factorization, f likely inert)"
78,-312,4,Z/2Z x Z/2Z,7,7,1,7,True,"free (no non-principal factorization, f likely inert)"
78,-312,4,Z/2Z x Z/2Z,9,9,1,9,True,"free (f rep by principal, x=3, y=0)"
78,-312,4,Z/2Z x Z/2Z,13,1,13,13,True,"steinitz (Nm(A)=13, form 3)"
78,-312,4,Z/2Z x Z/2Z,19,1,19,19,True,"steinitz (Nm(A)=19, form 3)"
78,-312,4,Z/2Z x Z/2Z,37,1,37,37,True,"steinitz (Nm(A)=37, form 3)"
78,-312,4,Z/2Z x Z/2Z,61,61,1,61,True,"free (no non-principal factorization, f likely inert)"
78,-312,4,Z/2Z x Z/2Z,79,79,1,79,True,"free (f rep by principal, x=1, y=1)"
78,-312,4,Z/2Z x Z/2Z,97,97,1,97,True,"free (no non-principal factorization, f likely inert)"
78,-312,4,Z/2Z x Z/2Z,139,139,1,139,True,"free (no non-principal factorization, f likely inert)"
78,-312,4,Z/2Z x Z/2Z,163,1,163,163,True,"steinitz (Nm(A)=163, form 3)"
79,-79,5,order 5,7,7,1,7,True,"free (no non-principal factorization, f likely inert)"
79,-79,5,order 5,9,9,1,9,True,"free (f rep by principal, x=3, y=0)"
79,-79,5,order 5,13,1,13,13,True,"steinitz (Nm(A)=13, form 1)"
79,-79,5,order 5,19,1,19,19,True,"steinitz (Nm(A)=19, form 3)"
79,-79,5,order 5,37,37,1,37,True,"free (no non-principal factorization, f likely inert)"
79,-79,5,order 5,61,61,1,61,True,"free (no non-principal factorization, f likely inert)"
79,-79,5,order 5,79,79,1,79,True,"free (f rep by principal, x=-1, y=2)"
79,-79,5,order 5,97,1,97,97,True,"steinitz (Nm(A)=97, form 3)"
79,-79,5,order 5,139,139,1,139,True,"free (no non-principal factorization, f likely inert)"
79,-79,5,order 5,163,1,163,163,True,"steinitz (Nm(A)=163, form 1)"
82,-328,4,Z/4Z,7,1,7,7,True,"steinitz (Nm(A)=7, form 2)"
82,-328,4,Z/4Z,9,9,1,9,True,"free (f rep by principal, x=3, y=0)"
82,-328,4,Z/4Z,13,1,13,13,True,"steinitz (Nm(A)=13, form 2)"
82,-328,4,Z/4Z,19,19,1,19,True,"free (no non-principal factorization, f likely inert)"
82,-328,4,Z/4Z,37,37,1,37,True,"free (no non-principal factorization, f likely inert)"
82,-328,4,Z/4Z,61,61,1,61,True,"free (no non-principal factorization, f likely inert)"
82,-328,4,Z/4Z,79,1,79,79,True,"steinitz (Nm(A)=79, form 2)"
82,-328,4,Z/4Z,97,97,1,97,True,"free (no non-principal factorization, f likely inert)"
82,-328,4,Z/4Z,139,1,139,139,True,"steinitz (Nm(A)=139, form 1)"
82,-328,4,Z/4Z,163,163,1,163,True,"free (f rep by principal, x=9, y=1)"
83,-83,3,Z/3Z,7,1,7,7,True,"steinitz (Nm(A)=7, form 1)"
83,-83,3,Z/3Z,9,9,1,9,True,"free (f rep by principal, x=3, y=0)"
83,-83,3,Z/3Z,13,13,1,13,True,"free (no non-principal factorization, f likely inert)"
83,-83,3,Z/3Z,19,19,1,19,True,"free (no non-principal factorization, f likely inert)"
83,-83,3,Z/3Z,37,1,37,37,True,"steinitz (Nm(A)=37, form 1)"
83,-83,3,Z/3Z,61,1,61,61,True,"steinitz (Nm(A)=61, form 1)"
83,-83,3,Z/3Z,79,79,1,79,True,"free (no non-principal factorization, f likely inert)"
83,-83,3,Z/3Z,97,97,1,97,True,"free (no non-principal factorization, f likely inert)"
83,-83,3,Z/3Z,139,139,1,139,True,"free (no non-principal factorization, f likely inert)"
83,-83,3,Z/3Z,163,163,1,163,True,"free (no non-principal factorization, f likely inert)"
85,-340,4,Z/2Z x Z/2Z,7,7,1,7,True,"free (no non-principal factorization, f likely inert)"
85,-340,4,Z/2Z x Z/2Z,9,9,1,9,True,"free (f rep by principal, x=3, y=0)"
85,-340,4,Z/2Z x Z/2Z,13,13,1,13,True,"free (no non-principal factorization, f likely inert)"
85,-340,4,Z/2Z x Z/2Z,19,19,1,19,True,"free (no non-principal factorization, f likely inert)"
85,-340,4,Z/2Z x Z/2Z,37,1,37,37,True,"steinitz (Nm(A)=37, form 2)"
85,-340,4,Z/2Z x Z/2Z,61,61,1,61,True,"free (no non-principal factorization, f likely inert)"
85,-340,4,Z/2Z x Z/2Z,79,1,79,79,True,"steinitz (Nm(A)=79, form 3)"
85,-340,4,Z/2Z x Z/2Z,97,1,97,97,True,"steinitz (Nm(A)=97, form 2)"
85,-340,4,Z/2Z x Z/2Z,139,1,139,139,True,"steinitz (Nm(A)=139, form 3)"
85,-340,4,Z/2Z x Z/2Z,163,163,1,163,True,"free (no non-principal factorization, f likely inert)"
86,-344,10,order 10,7,7,1,7,True,"free (no non-principal factorization, f likely inert)"
86,-344,10,order 10,9,9,1,9,True,"free (f rep by principal, x=3, y=0)"
86,-344,10,order 10,13,13,1,13,True,"free (no non-principal factorization, f likely inert)"
86,-344,10,order 10,19,1,19,19,True,"steinitz (Nm(A)=19, form 4)"
86,-344,10,order 10,37,1,37,37,True,"steinitz (Nm(A)=37, form 2)"
86,-344,10,order 10,61,1,61,61,True,"steinitz (Nm(A)=61, form 1)"
86,-344,10,order 10,79,1,79,79,True,"steinitz (Nm(A)=79, form 8)"
86,-344,10,order 10,97,1,97,97,True,"steinitz (Nm(A)=97, form 8)"
86,-344,10,order 10,139,139,1,139,True,"free (no non-principal factorization, f likely inert)"
86,-344,10,order 10,163,1,163,163,True,"steinitz (Nm(A)=163, form 4)"
87,-87,6,order 6,7,1,7,7,True,"steinitz (Nm(A)=7, form 4)"
87,-87,6,order 6,9,9,1,9,True,"free (f rep by principal, x=3, y=0)"
87,-87,6,order 6,13,1,13,13,True,"steinitz (Nm(A)=13, form 4)"
87,-87,6,order 6,19,19,1,19,True,"free (no non-principal factorization, f likely inert)"
87,-87,6,order 6,37,37,1,37,True,"free (no non-principal factorization, f likely inert)"
87,-87,6,order 6,61,61,1,61,True,"free (no non-principal factorization, f likely inert)"
87,-87,6,order 6,79,79,1,79,True,"free (no non-principal factorization, f likely inert)"
87,-87,6,order 6,97,97,1,97,True,"free (no non-principal factorization, f likely inert)"
87,-87,6,order 6,139,1,139,139,True,"steinitz (Nm(A)=139, form 4)"
87,-87,6,order 6,163,163,1,163,True,"free (no non-principal factorization, f likely inert)"
89,-356,12,order 12,7,1,7,7,True,"steinitz (Nm(A)=7, form 8)"
89,-356,12,order 12,9,9,1,9,True,"free (f rep by principal, x=3, y=0)"
89,-356,12,order 12,13,13,1,13,True,"free (no non-principal factorization, f likely inert)"
89,-356,12,order 12,19,1,19,19,True,"steinitz (Nm(A)=19, form 6)"
89,-356,12,order 12,37,37,1,37,True,"free (no non-principal factorization, f likely inert)"
89,-356,12,order 12,61,61,1,61,True,"free (no non-principal factorization, f likely inert)"
89,-356,12,order 12,79,79,1,79,True,"free (no non-principal factorization, f likely inert)"
89,-356,12,order 12,97,1,97,97,True,"steinitz (Nm(A)=97, form 10)"
89,-356,12,order 12,139,139,1,139,True,"free (no non-principal factorization, f likely inert)"
89,-356,12,order 12,163,1,163,163,True,"steinitz (Nm(A)=163, form 2)"
91,-91,2,Z/2Z,7,1,7,7,True,"steinitz (Nm(A)=7, form 1)"
91,-91,2,Z/2Z,9,9,1,9,True,"free (f rep by principal, x=3, y=0)"
91,-91,2,Z/2Z,13,1,13,13,True,"steinitz (Nm(A)=13, form 1)"
91,-91,2,Z/2Z,19,1,19,19,True,"steinitz (Nm(A)=19, form 1)"
91,-91,2,Z/2Z,37,37,1,37,True,"free (no non-principal factorization, f likely inert)"
91,-91,2,Z/2Z,61,61,1,61,True,"free (no non-principal factorization, f likely inert)"
91,-91,2,Z/2Z,79,79,1,79,True,"free (f rep by principal, x=7, y=1)"
91,-91,2,Z/2Z,97,1,97,97,True,"steinitz (Nm(A)=97, form 1)"
91,-91,2,Z/2Z,139,139,1,139,True,"free (no non-principal factorization, f likely inert)"
91,-91,2,Z/2Z,163,163,1,163,True,"free (no non-principal factorization, f likely inert)"
93,-372,4,Z/2Z x Z/2Z,7,7,1,7,True,"free (no non-principal factorization, f likely inert)"
93,-372,4,Z/2Z x Z/2Z,9,9,1,9,True,"free (f rep by principal, x=3, y=0)"
93,-372,4,Z/2Z x Z/2Z,13,13,1,13,True,"free (no non-principal factorization, f likely inert)"
93,-372,4,Z/2Z x Z/2Z,19,19,1,19,True,"free (no non-principal factorization, f likely inert)"
93,-372,4,Z/2Z x Z/2Z,37,37,1,37,True,"free (no non-principal factorization, f likely inert)"
93,-372,4,Z/2Z x Z/2Z,61,61,1,61,True,"free (no non-principal factorization, f likely inert)"
93,-372,4,Z/2Z x Z/2Z,79,1,79,79,True,"steinitz (Nm(A)=79, form 2)"
93,-372,4,Z/2Z x Z/2Z,97,97,1,97,True,"free (f rep by principal, x=2, y=1)"
93,-372,4,Z/2Z x Z/2Z,139,1,139,139,True,"steinitz (Nm(A)=139, form 2)"
93,-372,4,Z/2Z x Z/2Z,163,163,1,163,True,"free (no non-principal factorization, f likely inert)"
94,-376,8,order 8,7,1,7,7,True,"steinitz (Nm(A)=7, form 4)"
94,-376,8,order 8,9,9,1,9,True,"free (f rep by principal, x=3, y=0)"
94,-376,8,order 8,13,1,13,13,True,"steinitz (Nm(A)=13, form 6)"
94,-376,8,order 8,19,1,19,19,True,"steinitz (Nm(A)=19, form 2)"
94,-376,8,order 8,37,37,1,37,True,"free (no non-principal factorization, f likely inert)"
94,-376,8,order 8,61,61,1,61,True,"free (no non-principal factorization, f likely inert)"
94,-376,8,order 8,79,1,79,79,True,"steinitz (Nm(A)=79, form 1)"
94,-376,8,order 8,97,1,97,97,True,"steinitz (Nm(A)=97, form 1)"
94,-376,8,order 8,139,1,139,139,True,"steinitz (Nm(A)=139, form 6)"
94,-376,8,order 8,163,1,163,163,True,"steinitz (Nm(A)=163, form 6)"
95,-95,8,order 8,7,7,1,7,True,"free (no non-principal factorization, f likely inert)"
95,-95,8,order 8,9,9,1,9,True,"free (f rep by principal, x=3, y=0)"
95,-95,8,order 8,13,1,13,13,True,"steinitz (Nm(A)=13, form 1)"
95,-95,8,order 8,19,1,19,19,True,"steinitz (Nm(A)=19, form 7)"
95,-95,8,order 8,37,1,37,37,True,"steinitz (Nm(A)=37, form 3)"
95,-95,8,order 8,61,1,61,61,True,"steinitz (Nm(A)=61, form 5)"
95,-95,8,order 8,79,79,1,79,True,"free (no non-principal factorization, f likely inert)"
95,-95,8,order 8,97,1,97,97,True,"steinitz (Nm(A)=97, form 3)"
95,-95,8,order 8,139,1,139,139,True,"steinitz (Nm(A)=139, form 5)"
95,-95,8,order 8,163,163,1,163,True,"free (no non-principal factorization, f likely inert)"
97,-388,4,Z/4Z,7,1,7,7,True,"steinitz (Nm(A)=7, form 2)"
97,-388,4,Z/4Z,9,9,1,9,True,"free (f rep by principal, x=3, y=0)"
97,-388,4,Z/4Z,13,13,1,13,True,"free (no non-principal factorization, f likely inert)"
97,-388,4,Z/4Z,19,1,19,19,True,"steinitz (Nm(A)=19, form 2)"
97,-388,4,Z/4Z,37,37,1,37,True,"free (no non-principal factorization, f likely inert)"
97,-388,4,Z/4Z,61,1,61,61,True,"steinitz (Nm(A)=61, form 1)"
97,-388,4,Z/4Z,79,79,1,79,True,"free (no non-principal factorization, f likely inert)"
97,-388,4,Z/4Z,97,97,1,97,True,"free (f rep by principal, x=0, y=1)"
97,-388,4,Z/4Z,139,1,139,139,True,"steinitz (Nm(A)=139, form 2)"
97,-388,4,Z/4Z,163,163,1,163,True,"free (no non-principal factorization, f likely inert)"
101,-404,14,order 14,7,1,7,7,True,"steinitz (Nm(A)=7, form 8)"
101,-404,14,order 14,9,9,1,9,True,"free (f rep by principal, x=3, y=0)"
101,-404,14,order 14,13,1,13,13,True,"steinitz (Nm(A)=13, form 10)"
101,-404,14,order 14,19,19,1,19,True,"free (no non-principal factorization, f likely inert)"
101,-404,14,order 14,37,1,37,37,True,"steinitz (Nm(A)=37, form 6)"
101,-404,14,order 14,61,61,1,61,True,"free (no non-principal factorization, f likely inert)"
101,-404,14,order 14,79,79,1,79,True,"free (no non-principal factorization, f likely inert)"
101,-404,14,order 14,97,1,97,97,True,"steinitz (Nm(A)=97, form 4)"
101,-404,14,order 14,139,1,139,139,True,"steinitz (Nm(A)=139, form 8)"
101,-404,14,order 14,163,1,163,163,True,"steinitz (Nm(A)=163, form 1)"
102,-408,4,Z/2Z x Z/2Z,7,7,1,7,True,"free (no non-principal factorization, f likely inert)"
102,-408,4,Z/2Z x Z/2Z,9,9,1,9,True,"free (f rep by principal, x=3, y=0)"
102,-408,4,Z/2Z x Z/2Z,13,13,1,13,True,"free (no non-principal factorization, f likely inert)"
102,-408,4,Z/2Z x Z/2Z,19,19,1,19,True,"free (no non-principal factorization, f likely inert)"
102,-408,4,Z/2Z x Z/2Z,37,1,37,37,True,"steinitz (Nm(A)=37, form 2)"
102,-408,4,Z/2Z x Z/2Z,61,1,61,61,True,"steinitz (Nm(A)=61, form 2)"
102,-408,4,Z/2Z x Z/2Z,79,79,1,79,True,"free (no non-principal factorization, f likely inert)"
102,-408,4,Z/2Z x Z/2Z,97,97,1,97,True,"free (no non-principal factorization, f likely inert)"
102,-408,4,Z/2Z x Z/2Z,139,1,139,139,True,"steinitz (Nm(A)=139, form 2)"
102,-408,4,Z/2Z x Z/2Z,163,1,163,163,True,"steinitz (Nm(A)=163, form 2)"
103,-103,5,order 5,7,1,7,7,True,"steinitz (Nm(A)=7, form 3)"
103,-103,5,order 5,9,9,1,9,True,"free (f rep by principal, x=3, y=0)"
103,-103,5,order 5,13,1,13,13,True,"steinitz (Nm(A)=13, form 1)"
103,-103,5,order 5,19,1,19,19,True,"steinitz (Nm(A)=19, form 1)"
103,-103,5,order 5,37,37,1,37,True,"free (no non-principal factorization, f likely inert)"
103,-103,5,order 5,61,1,61,61,True,"steinitz (Nm(A)=61, form 3)"
103,-103,5,order 5,79,1,79,79,True,"steinitz (Nm(A)=79, form 1)"
103,-103,5,order 5,97,1,97,97,True,"steinitz (Nm(A)=97, form 3)"
103,-103,5,order 5,139,139,1,139,True,"free (f rep by principal, x=5, y=2)"
103,-103,5,order 5,163,1,163,163,True,"steinitz (Nm(A)=163, form 3)"
105,-420,8,order 8,7,1,7,7,True,"steinitz (Nm(A)=7, form 5)"
105,-420,8,order 8,9,9,1,9,True,"free (f rep by principal, x=3, y=0)"
105,-420,8,order 8,13,1,13,13,True,"steinitz (Nm(A)=13, form 6)"
105,-420,8,order 8,19,1,19,19,True,"steinitz (Nm(A)=19, form 4)"
105,-420,8,order 8,37,37,1,37,True,"free (no non-principal factorization, f likely inert)"
105,-420,8,order 8,61,61,1,61,True,"free (no non-principal factorization, f likely inert)"
105,-420,8,order 8,79,79,1,79,True,"free (no non-principal factorization, f likely inert)"
105,-420,8,order 8,97,1,97,97,True,"steinitz (Nm(A)=97, form 6)"
105,-420,8,order 8,139,1,139,139,True,"steinitz (Nm(A)=139, form 4)"
105,-420,8,order 8,163,1,163,163,True,"steinitz (Nm(A)=163, form 5)"
106,-424,6,order 6,7,7,1,7,True,"free (no non-principal factorization, f likely inert)"
106,-424,6,order 6,9,9,1,9,True,"free (f rep by principal, x=3, y=0)"
106,-424,6,order 6,13,13,1,13,True,"free (no non-principal factorization, f likely inert)"
106,-424,6,order 6,19,19,1,19,True,"free (no non-principal factorization, f likely inert)"
106,-424,6,order 6,37,37,1,37,True,"free (no non-principal factorization, f likely inert)"
106,-424,6,order 6,61,1,61,61,True,"steinitz (Nm(A)=61, form 1)"
106,-424,6,order 6,79,1,79,79,True,"steinitz (Nm(A)=79, form 2)"
106,-424,6,order 6,97,1,97,97,True,"steinitz (Nm(A)=97, form 4)"
106,-424,6,order 6,139,139,1,139,True,"free (no non-principal factorization, f likely inert)"
106,-424,6,order 6,163,1,163,163,True,"steinitz (Nm(A)=163, form 4)"
107,-107,3,Z/3Z,7,7,1,7,True,"free (no non-principal factorization, f likely inert)"
107,-107,3,Z/3Z,9,9,1,9,True,"free (f rep by principal, x=3, y=0)"
107,-107,3,Z/3Z,13,1,13,13,True,"steinitz (Nm(A)=13, form 1)"
107,-107,3,Z/3Z,19,1,19,19,True,"steinitz (Nm(A)=19, form 1)"
107,-107,3,Z/3Z,37,1,37,37,True,"steinitz (Nm(A)=37, form 1)"
107,-107,3,Z/3Z,61,1,61,61,True,"steinitz (Nm(A)=61, form 1)"
107,-107,3,Z/3Z,79,1,79,79,True,"steinitz (Nm(A)=79, form 1)"
107,-107,3,Z/3Z,97,97,1,97,True,"free (no non-principal factorization, f likely inert)"
107,-107,3,Z/3Z,139,139,1,139,True,"free (no non-principal factorization, f likely inert)"
107,-107,3,Z/3Z,163,1,163,163,True,"steinitz (Nm(A)=163, form 1)"
109,-436,6,order 6,7,7,1,7,True,"free (no non-principal factorization, f likely inert)"
109,-436,6,order 6,9,9,1,9,True,"free (f rep by principal, x=3, y=0)"
109,-436,6,order 6,13,13,1,13,True,"free (no non-principal factorization, f likely inert)"
109,-436,6,order 6,19,1,19,19,True,"steinitz (Nm(A)=19, form 4)"
109,-436,6,order 6,37,37,1,37,True,"free (no non-principal factorization, f likely inert)"
109,-436,6,order 6,61,1,61,61,True,"steinitz (Nm(A)=61, form 2)"
109,-436,6,order 6,79,1,79,79,True,"steinitz (Nm(A)=79, form 1)"
109,-436,6,order 6,97,1,97,97,True,"steinitz (Nm(A)=97, form 2)"
109,-436,6,order 6,139,1,139,139,True,"steinitz (Nm(A)=139, form 1)"
109,-436,6,order 6,163,1,163,163,True,"steinitz (Nm(A)=163, form 4)"
110,-440,12,order 12,7,1,7,7,True,"steinitz (Nm(A)=7, form 7)"
110,-440,12,order 12,9,9,1,9,True,"free (f rep by principal, x=3, y=0)"
110,-440,12,order 12,13,13,1,13,True,"free (no non-principal factorization, f likely inert)"
110,-440,12,order 12,19,1,19,19,True,"steinitz (Nm(A)=19, form 5)"
110,-440,12,order 12,37,1,37,37,True,"steinitz (Nm(A)=37, form 2)"
110,-440,12,order 12,61,1,61,61,True,"steinitz (Nm(A)=61, form 5)"
110,-440,12,order 12,79,79,1,79,True,"free (no non-principal factorization, f likely inert)"
110,-440,12,order 12,97,97,1,97,True,"free (no non-principal factorization, f likely inert)"
110,-440,12,order 12,139,1,139,139,True,"steinitz (Nm(A)=139, form 11)"
110,-440,12,order 12,163,1,163,163,True,"steinitz (Nm(A)=163, form 2)"
111,-111,8,order 8,7,1,7,7,True,"steinitz (Nm(A)=7, form 4)"
111,-111,8,order 8,9,9,1,9,True,"free (f rep by principal, x=3, y=0)"
111,-111,8,order 8,13,13,1,13,True,"free (no non-principal factorization, f likely inert)"
111,-111,8,order 8,19,19,1,19,True,"free (no non-principal factorization, f likely inert)"
111,-111,8,order 8,37,1,37,37,True,"steinitz (Nm(A)=37, form 3)"
111,-111,8,order 8,61,61,1,61,True,"free (no non-principal factorization, f likely inert)"
111,-111,8,order 8,79,79,1,79,True,"free (no non-principal factorization, f likely inert)"
111,-111,8,order 8,97,97,1,97,True,"free (no non-principal factorization, f likely inert)"
111,-111,8,order 8,139,1,139,139,True,"steinitz (Nm(A)=139, form 4)"
111,-111,8,order 8,163,163,1,163,True,"free (no non-principal factorization, f likely inert)"
113,-452,8,order 8,7,7,1,7,True,"free (no non-principal factorization, f likely inert)"
113,-452,8,order 8,9,9,1,9,True,"free (f rep by principal, x=3, y=0)"
113,-452,8,order 8,13,1,13,13,True,"steinitz (Nm(A)=13, form 6)"
113,-452,8,order 8,19,1,19,19,True,"steinitz (Nm(A)=19, form 4)"
113,-452,8,order 8,37,37,1,37,True,"free (no non-principal factorization, f likely inert)"
113,-452,8,order 8,61,1,61,61,True,"steinitz (Nm(A)=61, form 1)"
113,-452,8,order 8,79,1,79,79,True,"steinitz (Nm(A)=79, form 4)"
113,-452,8,order 8,97,1,97,97,True,"steinitz (Nm(A)=97, form 1)"
113,-452,8,order 8,139,139,1,139,True,"free (no non-principal factorization, f likely inert)"
113,-452,8,order 8,163,163,1,163,True,"free (no non-principal factorization, f likely inert)"
114,-456,8,order 8,7,7,1,7,True,"free (no non-principal factorization, f likely inert)"
114,-456,8,order 8,9,9,1,9,True,"free (f rep by principal, x=3, y=0)"
114,-456,8,order 8,13,1,13,13,True,"steinitz (Nm(A)=13, form 6)"
114,-456,8,order 8,19,1,19,19,True,"steinitz (Nm(A)=19, form 5)"
114,-456,8,order 8,37,1,37,37,True,"steinitz (Nm(A)=37, form 6)"
114,-456,8,order 8,61,61,1,61,True,"free (no non-principal factorization, f likely inert)"
114,-456,8,order 8,79,1,79,79,True,"steinitz (Nm(A)=79, form 6)"
114,-456,8,order 8,97,97,1,97,True,"free (no non-principal factorization, f likely inert)"
114,-456,8,order 8,139,139,1,139,True,"free (f rep by principal, x=5, y=1)"
114,-456,8,order 8,163,163,1,163,True,"free (f rep by principal, x=7, y=1)"
115,-115,2,Z/2Z,7,1,7,7,True,"steinitz (Nm(A)=7, form 1)"
115,-115,2,Z/2Z,9,9,1,9,True,"free (f rep by principal, x=3, y=0)"
115,-115,2,Z/2Z,13,13,1,13,True,"free (no non-principal factorization, f likely inert)"
115,-115,2,Z/2Z,19,19,1,19,True,"free (no non-principal factorization, f likely inert)"
115,-115,2,Z/2Z,37,1,37,37,True,"steinitz (Nm(A)=37, form 1)"
115,-115,2,Z/2Z,61,61,1,61,True,"free (no non-principal factorization, f likely inert)"
115,-115,2,Z/2Z,79,79,1,79,True,"free (no non-principal factorization, f likely inert)"
115,-115,2,Z/2Z,97,1,97,97,True,"steinitz (Nm(A)=97, form 1)"
115,-115,2,Z/2Z,139,139,1,139,True,"free (f rep by principal, x=10, y=1)"
115,-115,2,Z/2Z,163,163,1,163,True,"free (no non-principal factorization, f likely inert)"
118,-472,6,order 6,7,1,7,7,True,"steinitz (Nm(A)=7, form 2)"
118,-472,6,order 6,9,9,1,9,True,"free (f rep by principal, x=3, y=0)"
118,-472,6,order 6,13,1,13,13,True,"steinitz (Nm(A)=13, form 4)"
118,-472,6,order 6,19,19,1,19,True,"free (no non-principal factorization, f likely inert)"
118,-472,6,order 6,37,1,37,37,True,"steinitz (Nm(A)=37, form 4)"
118,-472,6,order 6,61,1,61,61,True,"steinitz (Nm(A)=61, form 1)"
118,-472,6,order 6,79,1,79,79,True,"steinitz (Nm(A)=79, form 2)"
118,-472,6,order 6,97,97,1,97,True,"free (no non-principal factorization, f likely inert)"
118,-472,6,order 6,139,139,1,139,True,"free (no non-principal factorization, f likely inert)"
118,-472,6,order 6,163,163,1,163,True,"free (no non-principal factorization, f likely inert)"
119,-119,10,order 10,7,1,7,7,True,"steinitz (Nm(A)=7, form 9)"
119,-119,10,order 10,9,9,1,9,True,"free (f rep by principal, x=3, y=0)"
119,-119,10,order 10,13,13,1,13,True,"free (no non-principal factorization, f likely inert)"
119,-119,10,order 10,19,19,1,19,True,"free (no non-principal factorization, f likely inert)"
119,-119,10,order 10,37,37,1,37,True,"free (no non-principal factorization, f likely inert)"
119,-119,10,order 10,61,1,61,61,True,"steinitz (Nm(A)=61, form 3)"
119,-119,10,order 10,79,79,1,79,True,"free (no non-principal factorization, f likely inert)"
119,-119,10,order 10,97,1,97,97,True,"steinitz (Nm(A)=97, form 7)"
119,-119,10,order 10,139,1,139,139,True,"steinitz (Nm(A)=139, form 7)"
119,-119,10,order 10,163,163,1,163,True,"free (no non-principal factorization, f likely inert)"
122,-488,10,order 10,7,1,7,7,True,"steinitz (Nm(A)=7, form 6)"
122,-488,10,order 10,9,9,1,9,True,"free (f rep by principal, x=3, y=0)"
122,-488,10,order 10,13,13,1,13,True,"free (no non-principal factorization, f likely inert)"
122,-488,10,order 10,19,1,19,19,True,"steinitz (Nm(A)=19, form 8)"
122,-488,10,order 10,37,1,37,37,True,"steinitz (Nm(A)=37, form 4)"
122,-488,10,order 10,61,1,61,61,True,"steinitz (Nm(A)=61, form 1)"
122,-488,10,order 10,79,1,79,79,True,"steinitz (Nm(A)=79, form 1)"
122,-488,10,order 10,97,1,97,97,True,"steinitz (Nm(A)=97, form 2)"
122,-488,10,order 10,139,139,1,139,True,"free (no non-principal factorization, f likely inert)"
122,-488,10,order 10,163,1,163,163,True,"steinitz (Nm(A)=163, form 2)"
123,-123,2,Z/2Z,7,7,1,7,True,"free (no non-principal factorization, f likely inert)"
123,-123,2,Z/2Z,9,9,1,9,True,"free (f rep by principal, x=3, y=0)"
123,-123,2,Z/2Z,13,13,1,13,True,"free (no non-principal factorization, f likely inert)"
123,-123,2,Z/2Z,19,19,1,19,True,"free (no non-principal factorization, f likely inert)"
123,-123,2,Z/2Z,37,37,1,37,True,"free (f rep by principal, x=2, y=1)"
123,-123,2,Z/2Z,61,61,1,61,True,"free (f rep by principal, x=5, y=1)"
123,-123,2,Z/2Z,79,79,1,79,True,"free (no non-principal factorization, f likely inert)"
123,-123,2,Z/2Z,97,97,1,97,True,"free (no non-principal factorization, f likely inert)"
123,-123,2,Z/2Z,139,139,1,139,True,"free (f rep by principal, x=3, y=2)"
123,-123,2,Z/2Z,163,163,1,163,True,"free (f rep by principal, x=11, y=1)"
127,-127,5,order 5,7,7,1,7,True,"free (no non-principal factorization, f likely inert)"
127,-127,5,order 5,9,9,1,9,True,"free (f rep by principal, x=3, y=0)"
127,-127,5,order 5,13,1,13,13,True,"steinitz (Nm(A)=13, form 3)"
127,-127,5,order 5,19,1,19,19,True,"steinitz (Nm(A)=19, form 1)"
127,-127,5,order 5,37,1,37,37,True,"steinitz (Nm(A)=37, form 1)"
127,-127,5,order 5,61,1,61,61,True,"steinitz (Nm(A)=61, form 1)"
127,-127,5,order 5,79,1,79,79,True,"steinitz (Nm(A)=79, form 3)"
127,-127,5,order 5,97,97,1,97,True,"free (no non-principal factorization, f likely inert)"
127,-127,5,order 5,139,139,1,139,True,"free (no non-principal factorization, f likely inert)"
127,-127,5,order 5,163,163,1,163,True,"free (f rep by principal, x=5, y=2)"
129,-516,12,order 12,7,1,7,7,True,"steinitz (Nm(A)=7, form 6)"
129,-516,12,order 12,9,9,1,9,True,"free (f rep by principal, x=3, y=0)"
129,-516,12,order 12,13,1,13,13,True,"steinitz (Nm(A)=13, form 8)"
129,-516,12,order 12,19,1,19,19,True,"steinitz (Nm(A)=19, form 6)"
129,-516,12,order 12,37,37,1,37,True,"free (no non-principal factorization, f likely inert)"
129,-516,12,order 12,61,61,1,61,True,"free (no non-principal factorization, f likely inert)"
129,-516,12,order 12,79,79,1,79,True,"free (no non-principal factorization, f likely inert)"
129,-516,12,order 12,97,1,97,97,True,"steinitz (Nm(A)=97, form 8)"
129,-516,12,order 12,139,139,1,139,True,"free (no non-principal factorization, f likely inert)"
129,-516,12,order 12,163,1,163,163,True,"steinitz (Nm(A)=163, form 6)"
130,-520,4,Z/2Z x Z/2Z,7,7,1,7,True,"free (no non-principal factorization, f likely inert)"
130,-520,4,Z/2Z x Z/2Z,9,9,1,9,True,"free (f rep by principal, x=3, y=0)"
130,-520,4,Z/2Z x Z/2Z,13,1,13,13,True,"steinitz (Nm(A)=13, form 3)"
130,-520,4,Z/2Z x Z/2Z,19,19,1,19,True,"free (no non-principal factorization, f likely inert)"
130,-520,4,Z/2Z x Z/2Z,37,37,1,37,True,"free (no non-principal factorization, f likely inert)"
130,-520,4,Z/2Z x Z/2Z,61,61,1,61,True,"free (no non-principal factorization, f likely inert)"
130,-520,4,Z/2Z x Z/2Z,79,79,1,79,True,"free (no non-principal factorization, f likely inert)"
130,-520,4,Z/2Z x Z/2Z,97,1,97,97,True,"steinitz (Nm(A)=97, form 1)"
130,-520,4,Z/2Z x Z/2Z,139,139,1,139,True,"free (f rep by principal, x=3, y=1)"
130,-520,4,Z/2Z x Z/2Z,163,1,163,163,True,"steinitz (Nm(A)=163, form 1)"
131,-131,5,order 5,7,1,7,7,True,"steinitz (Nm(A)=7, form 3)"
131,-131,5,order 5,9,9,1,9,True,"free (f rep by principal, x=3, y=0)"
131,-131,5,order 5,13,1,13,13,True,"steinitz (Nm(A)=13, form 1)"
131,-131,5,order 5,19,19,1,19,True,"free (no non-principal factorization, f likely inert)"
131,-131,5,order 5,37,37,1,37,True,"free (no non-principal factorization, f likely inert)"
131,-131,5,order 5,61,1,61,61,True,"steinitz (Nm(A)=61, form 3)"
131,-131,5,order 5,79,79,1,79,True,"free (no non-principal factorization, f likely inert)"
131,-131,5,order 5,97,97,1,97,True,"free (no non-principal factorization, f likely inert)"
131,-131,5,order 5,139,139,1,139,True,"free (no non-principal factorization, f likely inert)"
131,-131,5,order 5,163,163,1,163,True,"free (no non-principal factorization, f likely inert)"
133,-532,4,Z/2Z x Z/2Z,7,1,7,7,True,"steinitz (Nm(A)=7, form 2)"
133,-532,4,Z/2Z x Z/2Z,9,9,1,9,True,"free (f rep by principal, x=3, y=0)"
133,-532,4,Z/2Z x Z/2Z,13,1,13,13,True,"steinitz (Nm(A)=13, form 3)"
133,-532,4,Z/2Z x Z/2Z,19,1,19,19,True,"steinitz (Nm(A)=19, form 2)"
133,-532,4,Z/2Z x Z/2Z,37,37,1,37,True,"free (no non-principal factorization, f likely inert)"
133,-532,4,Z/2Z x Z/2Z,61,61,1,61,True,"free (no non-principal factorization, f likely inert)"
133,-532,4,Z/2Z x Z/2Z,79,1,79,79,True,"steinitz (Nm(A)=79, form 1)"
133,-532,4,Z/2Z x Z/2Z,97,1,97,97,True,"steinitz (Nm(A)=97, form 3)"
133,-532,4,Z/2Z x Z/2Z,139,1,139,139,True,"steinitz (Nm(A)=139, form 2)"
133,-532,4,Z/2Z x Z/2Z,163,163,1,163,True,"free (no non-principal factorization, f likely inert)"
134,-536,14,order 14,7,7,1,7,True,"free (no non-principal factorization, f likely inert)"
134,-536,14,order 14,9,9,1,9,True,"free (f rep by principal, x=3, y=0)"
134,-536,14,order 14,13,1,13,13,True,"steinitz (Nm(A)=13, form 12)"
134,-536,14,order 14,19,19,1,19,True,"free (no non-principal factorization, f likely inert)"
134,-536,14,order 14,37,37,1,37,True,"free (no non-principal factorization, f likely inert)"
134,-536,14,order 14,61,1,61,61,True,"steinitz (Nm(A)=61, form 2)"
134,-536,14,order 14,79,79,1,79,True,"free (no non-principal factorization, f likely inert)"
134,-536,14,order 14,97,97,1,97,True,"free (no non-principal factorization, f likely inert)"
134,-536,14,order 14,139,1,139,139,True,"steinitz (Nm(A)=139, form 1)"
134,-536,14,order 14,163,163,1,163,True,"free (no non-principal factorization, f likely inert)"
137,-548,8,order 8,7,7,1,7,True,"free (no non-principal factorization, f likely inert)"
137,-548,8,order 8,9,9,1,9,True,"free (f rep by principal, x=3, y=0)"
137,-548,8,order 8,13,13,1,13,True,"free (no non-principal factorization, f likely inert)"
137,-548,8,order 8,19,19,1,19,True,"free (no non-principal factorization, f likely inert)"
137,-548,8,order 8,37,1,37,37,True,"steinitz (Nm(A)=37, form 6)"
137,-548,8,order 8,61,1,61,61,True,"steinitz (Nm(A)=61, form 6)"
137,-548,8,order 8,79,1,79,79,True,"steinitz (Nm(A)=79, form 2)"
137,-548,8,order 8,97,97,1,97,True,"free (no non-principal factorization, f likely inert)"
137,-548,8,order 8,139,139,1,139,True,"free (no non-principal factorization, f likely inert)"
137,-548,8,order 8,163,1,163,163,True,"steinitz (Nm(A)=163, form 4)"
138,-552,8,order 8,7,1,7,7,True,"steinitz (Nm(A)=7, form 4)"
138,-552,8,order 8,9,9,1,9,True,"free (f rep by principal, x=3, y=0)"
138,-552,8,order 8,13,13,1,13,True,"free (no non-principal factorization, f likely inert)"
138,-552,8,order 8,19,19,1,19,True,"free (no non-principal factorization, f likely inert)"
138,-552,8,order 8,37,1,37,37,True,"steinitz (Nm(A)=37, form 4)"
138,-552,8,order 8,61,1,61,61,True,"steinitz (Nm(A)=61, form 4)"
138,-552,8,order 8,79,1,79,79,True,"steinitz (Nm(A)=79, form 4)"
138,-552,8,order 8,97,97,1,97,True,"free (no non-principal factorization, f likely inert)"
138,-552,8,order 8,139,139,1,139,True,"free (f rep by principal, x=1, y=1)"
138,-552,8,order 8,163,163,1,163,True,"free (f rep by principal, x=5, y=1)"
139,-139,3,Z/3Z,7,1,7,7,True,"steinitz (Nm(A)=7, form 1)"
139,-139,3,Z/3Z,9,9,1,9,True,"free (f rep by principal, x=3, y=0)"
139,-139,3,Z/3Z,13,1,13,13,True,"steinitz (Nm(A)=13, form 1)"
139,-139,3,Z/3Z,19,19,1,19,True,"free (no non-principal factorization, f likely inert)"
139,-139,3,Z/3Z,37,37,1,37,True,"free (f rep by principal, x=1, y=1)"
139,-139,3,Z/3Z,61,61,1,61,True,"free (no non-principal factorization, f likely inert)"
139,-139,3,Z/3Z,79,1,79,79,True,"steinitz (Nm(A)=79, form 1)"
139,-139,3,Z/3Z,97,97,1,97,True,"free (no non-principal factorization, f likely inert)"
139,-139,3,Z/3Z,139,139,1,139,True,"free (f rep by principal, x=-1, y=2)"
139,-139,3,Z/3Z,163,1,163,163,True,"steinitz (Nm(A)=163, form 1)"
141,-564,8,order 8,7,7,1,7,True,"free (no non-principal factorization, f likely inert)"
141,-564,8,order 8,9,9,1,9,True,"free (f rep by principal, x=3, y=0)"
141,-564,8,order 8,13,13,1,13,True,"free (no non-principal factorization, f likely inert)"
141,-564,8,order 8,19,1,19,19,True,"steinitz (Nm(A)=19, form 6)"
141,-564,8,order 8,37,1,37,37,True,"steinitz (Nm(A)=37, form 5)"
141,-564,8,order 8,61,1,61,61,True,"steinitz (Nm(A)=61, form 5)"
141,-564,8,order 8,79,79,1,79,True,"free (no non-principal factorization, f likely inert)"
141,-564,8,order 8,97,1,97,97,True,"steinitz (Nm(A)=97, form 5)"
141,-564,8,order 8,139,1,139,139,True,"steinitz (Nm(A)=139, form 6)"
141,-564,8,order 8,163,1,163,163,True,"steinitz (Nm(A)=163, form 6)"
142,-568,4,Z/4Z,7,7,1,7,True,"free (no non-principal factorization, f likely inert)"
142,-568,4,Z/4Z,9,9,1,9,True,"free (f rep by principal, x=3, y=0)"
142,-568,4,Z/4Z,13,1,13,13,True,"steinitz (Nm(A)=13, form 2)"
142,-568,4,Z/4Z,19,19,1,19,True,"free (no non-principal factorization, f likely inert)"
142,-568,4,Z/4Z,37,37,1,37,True,"free (no non-principal factorization, f likely inert)"
142,-568,4,Z/4Z,61,1,61,61,True,"steinitz (Nm(A)=61, form 2)"
142,-568,4,Z/4Z,79,1,79,79,True,"steinitz (Nm(A)=79, form 1)"
142,-568,4,Z/4Z,97,97,1,97,True,"free (no non-principal factorization, f likely inert)"
142,-568,4,Z/4Z,139,1,139,139,True,"steinitz (Nm(A)=139, form 2)"
142,-568,4,Z/4Z,163,1,163,163,True,"steinitz (Nm(A)=163, form 2)"
143,-143,10,order 10,7,1,7,7,True,"steinitz (Nm(A)=7, form 7)"
143,-143,10,order 10,9,9,1,9,True,"free (f rep by principal, x=3, y=0)"
143,-143,10,order 10,13,1,13,13,True,"steinitz (Nm(A)=13, form 8)"
143,-143,10,order 10,19,1,19,19,True,"steinitz (Nm(A)=19, form 1)"
143,-143,10,order 10,37,37,1,37,True,"free (no non-principal factorization, f likely inert)"
143,-143,10,order 10,61,61,1,61,True,"free (no non-principal factorization, f likely inert)"
143,-143,10,order 10,79,79,1,79,True,"free (no non-principal factorization, f likely inert)"
143,-143,10,order 10,97,97,1,97,True,"free (no non-principal factorization, f likely inert)"
143,-143,10,order 10,139,139,1,139,True,"free (no non-principal factorization, f likely inert)"
143,-143,10,order 10,163,163,1,163,True,"free (no non-principal factorization, f likely inert)"
145,-580,8,order 8,7,1,7,7,True,"steinitz (Nm(A)=7, form 3)"
145,-580,8,order 8,9,9,1,9,True,"free (f rep by principal, x=3, y=0)"
145,-580,8,order 8,13,13,1,13,True,"free (no non-principal factorization, f likely inert)"
145,-580,8,order 8,19,1,19,19,True,"steinitz (Nm(A)=19, form 6)"
145,-580,8,order 8,37,1,37,37,True,"steinitz (Nm(A)=37, form 5)"
145,-580,8,order 8,61,61,1,61,True,"free (no non-principal factorization, f likely inert)"
145,-580,8,order 8,79,1,79,79,True,"steinitz (Nm(A)=79, form 6)"
145,-580,8,order 8,97,1,97,97,True,"steinitz (Nm(A)=97, form 1)"
145,-580,8,order 8,139,139,1,139,True,"free (no non-principal factorization, f likely inert)"
145,-580,8,order 8,163,163,1,163,True,"free (no non-principal factorization, f likely inert)"
146,-584,16,order 16,7,1,7,7,True,"steinitz (Nm(A)=7, form 8)"
146,-584,16,order 16,9,9,1,9,True,"free (f rep by principal, x=3, y=0)"
146,-584,16,order 16,13,1,13,13,True,"steinitz (Nm(A)=13, form 14)"
146,-584,16,order 16,19,1,19,19,True,"steinitz (Nm(A)=19, form 10)"
146,-584,16,order 16,37,37,1,37,True,"free (no non-principal factorization, f likely inert)"
146,-584,16,order 16,61,61,1,61,True,"free (no non-principal factorization, f likely inert)"
146,-584,16,order 16,79,79,1,79,True,"free (no non-principal factorization, f likely inert)"
146,-584,16,order 16,97,1,97,97,True,"steinitz (Nm(A)=97, form 10)"
146,-584,16,order 16,139,139,1,139,True,"free (no non-principal factorization, f likely inert)"
146,-584,16,order 16,163,163,1,163,True,"free (no non-principal factorization, f likely inert)"
149,-596,14,order 14,7,7,1,7,True,"free (no non-principal factorization, f likely inert)"
149,-596,14,order 14,9,9,1,9,True,"free (f rep by principal, x=3, y=0)"
149,-596,14,order 14,13,13,1,13,True,"free (no non-principal factorization, f likely inert)"
149,-596,14,order 14,19,19,1,19,True,"free (no non-principal factorization, f likely inert)"
149,-596,14,order 14,37,1,37,37,True,"steinitz (Nm(A)=37, form 4)"
149,-596,14,order 14,61,1,61,61,True,"steinitz (Nm(A)=61, form 8)"
149,-596,14,order 14,79,1,79,79,True,"steinitz (Nm(A)=79, form 1)"
149,-596,14,order 14,97,97,1,97,True,"free (no non-principal factorization, f likely inert)"
149,-596,14,order 14,139,1,139,139,True,"steinitz (Nm(A)=139, form 10)"
149,-596,14,order 14,163,1,163,163,True,"steinitz (Nm(A)=163, form 10)"
151,-151,7,order 7,7,7,1,7,True,"free (no non-principal factorization, f likely inert)"
151,-151,7,order 7,9,9,1,9,True,"free (f rep by principal, x=3, y=0)"
151,-151,7,order 7,13,13,1,13,True,"free (no non-principal factorization, f likely inert)"
151,-151,7,order 7,19,1,19,19,True,"steinitz (Nm(A)=19, form 1)"
151,-151,7,order 7,37,1,37,37,True,"steinitz (Nm(A)=37, form 3)"
151,-151,7,order 7,61,61,1,61,True,"free (no non-principal factorization, f likely inert)"
151,-151,7,order 7,79,79,1,79,True,"free (no non-principal factorization, f likely inert)"
151,-151,7,order 7,97,1,97,97,True,"steinitz (Nm(A)=97, form 1)"
151,-151,7,order 7,139,1,139,139,True,"steinitz (Nm(A)=139, form 1)"
151,-151,7,order 7,163,163,1,163,True,"free (no non-principal factorization, f likely inert)"
154,-616,8,order 8,7,1,7,7,True,"steinitz (Nm(A)=7, form 4)"
154,-616,8,order 8,9,9,1,9,True,"free (f rep by principal, x=3, y=0)"
154,-616,8,order 8,13,13,1,13,True,"free (no non-principal factorization, f likely inert)"
154,-616,8,order 8,19,1,19,19,True,"steinitz (Nm(A)=19, form 5)"
154,-616,8,order 8,37,37,1,37,True,"free (no non-principal factorization, f likely inert)"
154,-616,8,order 8,61,61,1,61,True,"free (no non-principal factorization, f likely inert)"
154,-616,8,order 8,79,1,79,79,True,"steinitz (Nm(A)=79, form 1)"
154,-616,8,order 8,97,97,1,97,True,"free (no non-principal factorization, f likely inert)"
154,-616,8,order 8,139,1,139,139,True,"steinitz (Nm(A)=139, form 5)"
154,-616,8,order 8,163,163,1,163,True,"free (f rep by principal, x=3, y=1)"
155,-155,4,Z/4Z,7,7,1,7,True,"free (no non-principal factorization, f likely inert)"
155,-155,4,Z/4Z,9,9,1,9,True,"free (f rep by principal, x=3, y=0)"
155,-155,4,Z/4Z,13,1,13,13,True,"steinitz (Nm(A)=13, form 1)"
155,-155,4,Z/4Z,19,1,19,19,True,"steinitz (Nm(A)=19, form 3)"
155,-155,4,Z/4Z,37,1,37,37,True,"steinitz (Nm(A)=37, form 1)"
155,-155,4,Z/4Z,61,61,1,61,True,"free (no non-principal factorization, f likely inert)"
155,-155,4,Z/4Z,79,79,1,79,True,"free (no non-principal factorization, f likely inert)"
155,-155,4,Z/4Z,97,97,1,97,True,"free (no non-principal factorization, f likely inert)"
155,-155,4,Z/4Z,139,139,1,139,True,"free (no non-principal factorization, f likely inert)"
155,-155,4,Z/4Z,163,163,1,163,True,"free (no non-principal factorization, f likely inert)"
157,-628,6,order 6,7,1,7,7,True,"steinitz (Nm(A)=7, form 2)"
157,-628,6,order 6,9,9,1,9,True,"free (f rep by principal, x=3, y=0)"
157,-628,6,order 6,13,1,13,13,True,"steinitz (Nm(A)=13, form 4)"
157,-628,6,order 6,19,19,1,19,True,"free (no non-principal factorization, f likely inert)"
157,-628,6,order 6,37,1,37,37,True,"steinitz (Nm(A)=37, form 4)"
157,-628,6,order 6,61,61,1,61,True,"free (no non-principal factorization, f likely inert)"
157,-628,6,order 6,79,1,79,79,True,"steinitz (Nm(A)=79, form 1)"
157,-628,6,order 6,97,97,1,97,True,"free (no non-principal factorization, f likely inert)"
157,-628,6,order 6,139,1,139,139,True,"steinitz (Nm(A)=139, form 1)"
157,-628,6,order 6,163,1,163,163,True,"steinitz (Nm(A)=163, form 1)"
158,-632,8,order 8,7,7,1,7,True,"free (no non-principal factorization, f likely inert)"
158,-632,8,order 8,9,9,1,9,True,"free (f rep by principal, x=3, y=0)"
158,-632,8,order 8,13,13,1,13,True,"free (no non-principal factorization, f likely inert)"
158,-632,8,order 8,19,19,1,19,True,"free (no non-principal factorization, f likely inert)"
158,-632,8,order 8,37,1,37,37,True,"steinitz (Nm(A)=37, form 4)"
158,-632,8,order 8,61,1,61,61,True,"steinitz (Nm(A)=61, form 2)"
158,-632,8,order 8,79,1,79,79,True,"steinitz (Nm(A)=79, form 1)"
158,-632,8,order 8,97,1,97,97,True,"steinitz (Nm(A)=97, form 1)"
158,-632,8,order 8,139,1,139,139,True,"steinitz (Nm(A)=139, form 4)"
158,-632,8,order 8,163,163,1,163,True,"free (no non-principal factorization, f likely inert)"
159,-159,10,order 10,7,1,7,7,True,"steinitz (Nm(A)=7, form 8)"
159,-159,10,order 10,9,9,1,9,True,"free (f rep by principal, x=3, y=0)"
159,-159,10,order 10,13,1,13,13,True,"steinitz (Nm(A)=13, form 4)"
159,-159,10,order 10,19,19,1,19,True,"free (no non-principal factorization, f likely inert)"
159,-159,10,order 10,37,1,37,37,True,"steinitz (Nm(A)=37, form 8)"
159,-159,10,order 10,61,61,1,61,True,"free (no non-principal factorization, f likely inert)"
159,-159,10,order 10,79,79,1,79,True,"free (no non-principal factorization, f likely inert)"
159,-159,10,order 10,97,1,97,97,True,"steinitz (Nm(A)=97, form 4)"
159,-159,10,order 10,139,139,1,139,True,"free (no non-principal factorization, f likely inert)"
159,-159,10,order 10,163,163,1,163,True,"free (f rep by principal, x=1, y=2)"
161,-644,16,order 16,7,1,7,7,True,"steinitz (Nm(A)=7, form 8)"
161,-644,16,order 16,9,9,1,9,True,"free (f rep by principal, x=3, y=0)"
161,-644,16,order 16,13,13,1,13,True,"free (no non-principal factorization, f likely inert)"
161,-644,16,order 16,19,19,1,19,True,"free (no non-principal factorization, f likely inert)"
161,-644,16,order 16,37,37,1,37,True,"free (no non-principal factorization, f likely inert)"
161,-644,16,order 16,61,1,61,61,True,"steinitz (Nm(A)=61, form 4)"
161,-644,16,order 16,79,1,79,79,True,"steinitz (Nm(A)=79, form 13)"
161,-644,16,order 16,97,1,97,97,True,"steinitz (Nm(A)=97, form 4)"
161,-644,16,order 16,139,1,139,139,True,"steinitz (Nm(A)=139, form 2)"
161,-644,16,order 16,163,163,1,163,True,"free (no non-principal factorization, f likely inert)"
163,-163,1,trivial,7,7,1,7,True,free (h_K=1)
163,-163,1,trivial,9,9,1,9,True,free (h_K=1)
163,-163,1,trivial,13,13,1,13,True,free (h_K=1)
163,-163,1,trivial,19,19,1,19,True,free (h_K=1)
163,-163,1,trivial,37,37,1,37,True,free (h_K=1)
163,-163,1,trivial,61,61,1,61,True,free (h_K=1)
163,-163,1,trivial,79,79,1,79,True,free (h_K=1)
163,-163,1,trivial,97,97,1,97,True,free (h_K=1)
163,-163,1,trivial,139,139,1,139,True,free (h_K=1)
163,-163,1,trivial,163,163,1,163,True,free (h_K=1)
165,-660,8,order 8,7,7,1,7,True,"free (no non-principal factorization, f likely inert)"
165,-660,8,order 8,9,9,1,9,True,"free (f rep by principal, x=3, y=0)"
165,-660,8,order 8,13,1,13,13,True,"steinitz (Nm(A)=13, form 7)"
165,-660,8,order 8,19,1,19,19,True,"steinitz (Nm(A)=19, form 5)"
165,-660,8,order 8,37,37,1,37,True,"free (no non-principal factorization, f likely inert)"
165,-660,8,order 8,61,61,1,61,True,"free (no non-principal factorization, f likely inert)"
165,-660,8,order 8,79,1,79,79,True,"steinitz (Nm(A)=79, form 5)"
165,-660,8,order 8,97,97,1,97,True,"free (no non-principal factorization, f likely inert)"
165,-660,8,order 8,139,1,139,139,True,"steinitz (Nm(A)=139, form 5)"
165,-660,8,order 8,163,1,163,163,True,"steinitz (Nm(A)=163, form 2)"
166,-664,10,order 10,7,1,7,7,True,"steinitz (Nm(A)=7, form 4)"
166,-664,10,order 10,9,9,1,9,True,"free (f rep by principal, x=3, y=0)"
166,-664,10,order 10,13,1,13,13,True,"steinitz (Nm(A)=13, form 8)"
166,-664,10,order 10,19,1,19,19,True,"steinitz (Nm(A)=19, form 8)"
166,-664,10,order 10,37,37,1,37,True,"free (no non-principal factorization, f likely inert)"
166,-664,10,order 10,61,61,1,61,True,"free (no non-principal factorization, f likely inert)"
166,-664,10,order 10,79,79,1,79,True,"free (no non-principal factorization, f likely inert)"
166,-664,10,order 10,97,97,1,97,True,"free (no non-principal factorization, f likely inert)"
166,-664,10,order 10,139,1,139,139,True,"steinitz (Nm(A)=139, form 2)"
166,-664,10,order 10,163,1,163,163,True,"steinitz (Nm(A)=163, form 8)"
167,-167,11,order 11,7,1,7,7,True,"steinitz (Nm(A)=7, form 8)"
167,-167,11,order 11,9,9,1,9,True,"free (f rep by principal, x=3, y=0)"
167,-167,11,order 11,13,13,1,13,True,"free (no non-principal factorization, f likely inert)"
167,-167,11,order 11,19,1,19,19,True,"steinitz (Nm(A)=19, form 7)"
167,-167,11,order 11,37,37,1,37,True,"free (no non-principal factorization, f likely inert)"
167,-167,11,order 11,61,1,61,61,True,"steinitz (Nm(A)=61, form 3)"
167,-167,11,order 11,79,79,1,79,True,"free (no non-principal factorization, f likely inert)"
167,-167,11,order 11,97,1,97,97,True,"steinitz (Nm(A)=97, form 5)"
167,-167,11,order 11,139,139,1,139,True,"free (no non-principal factorization, f likely inert)"
167,-167,11,order 11,163,163,1,163,True,"free (no non-principal factorization, f likely inert)"
170,-680,12,order 12,7,7,1,7,True,"free (no non-principal factorization, f likely inert)"
170,-680,12,order 12,9,9,1,9,True,"free (f rep by principal, x=3, y=0)"
170,-680,12,order 12,13,1,13,13,True,"steinitz (Nm(A)=13, form 10)"
170,-680,12,order 12,19,1,19,19,True,"steinitz (Nm(A)=19, form 7)"
170,-680,12,order 12,37,37,1,37,True,"free (no non-principal factorization, f likely inert)"
170,-680,12,order 12,61,1,61,61,True,"steinitz (Nm(A)=61, form 5)"
170,-680,12,order 12,79,1,79,79,True,"steinitz (Nm(A)=79, form 4)"
170,-680,12,order 12,97,1,97,97,True,"steinitz (Nm(A)=97, form 2)"
170,-680,12,order 12,139,139,1,139,True,"free (no non-principal factorization, f likely inert)"
170,-680,12,order 12,163,1,163,163,True,"steinitz (Nm(A)=163, form 9)"
173,-692,14,order 14,7,1,7,7,True,"steinitz (Nm(A)=7, form 6)"
173,-692,14,order 14,9,9,1,9,True,"free (f rep by principal, x=3, y=0)"
173,-692,14,order 14,13,1,13,13,True,"steinitz (Nm(A)=13, form 12)"
173,-692,14,order 14,19,1,19,19,True,"steinitz (Nm(A)=19, form 10)"
173,-692,14,order 14,37,1,37,37,True,"steinitz (Nm(A)=37, form 4)"
173,-692,14,order 14,61,61,1,61,True,"free (no non-principal factorization, f likely inert)"
173,-692,14,order 14,79,1,79,79,True,"steinitz (Nm(A)=79, form 2)"
173,-692,14,order 14,97,97,1,97,True,"free (no non-principal factorization, f likely inert)"
173,-692,14,order 14,139,139,1,139,True,"free (no non-principal factorization, f likely inert)"
173,-692,14,order 14,163,163,1,163,True,"free (no non-principal factorization, f likely inert)"
174,-696,12,order 12,7,1,7,7,True,"steinitz (Nm(A)=7, form 6)"
174,-696,12,order 12,9,9,1,9,True,"free (f rep by principal, x=3, y=0)"
174,-696,12,order 12,13,13,1,13,True,"free (no non-principal factorization, f likely inert)"
174,-696,12,order 12,19,1,19,19,True,"steinitz (Nm(A)=19, form 8)"
174,-696,12,order 12,37,1,37,37,True,"steinitz (Nm(A)=37, form 8)"
174,-696,12,order 12,61,1,61,61,True,"steinitz (Nm(A)=61, form 2)"
174,-696,12,order 12,79,79,1,79,True,"free (no non-principal factorization, f likely inert)"
174,-696,12,order 12,97,97,1,97,True,"free (no non-principal factorization, f likely inert)"
174,-696,12,order 12,139,139,1,139,True,"free (no non-principal factorization, f likely inert)"
174,-696,12,order 12,163,1,163,163,True,"steinitz (Nm(A)=163, form 8)"
177,-708,4,Z/2Z x Z/2Z,7,7,1,7,True,"free (no non-principal factorization, f likely inert)"
177,-708,4,Z/2Z x Z/2Z,9,9,1,9,True,"free (f rep by principal, x=3, y=0)"
177,-708,4,Z/2Z x Z/2Z,13,13,1,13,True,"free (no non-principal factorization, f likely inert)"
177,-708,4,Z/2Z x Z/2Z,19,19,1,19,True,"free (no non-principal factorization, f likely inert)"
177,-708,4,Z/2Z x Z/2Z,37,37,1,37,True,"free (no non-principal factorization, f likely inert)"
177,-708,4,Z/2Z x Z/2Z,61,61,1,61,True,"free (no non-principal factorization, f likely inert)"
177,-708,4,Z/2Z x Z/2Z,79,79,1,79,True,"free (no non-principal factorization, f likely inert)"
177,-708,4,Z/2Z x Z/2Z,97,97,1,97,True,"free (no non-principal factorization, f likely inert)"
177,-708,4,Z/2Z x Z/2Z,139,139,1,139,True,"free (no non-principal factorization, f likely inert)"
177,-708,4,Z/2Z x Z/2Z,163,163,1,163,True,"free (no non-principal factorization, f likely inert)"
178,-712,8,order 8,7,1,7,7,True,"steinitz (Nm(A)=7, form 2)"
178,-712,8,order 8,9,9,1,9,True,"free (f rep by principal, x=3, y=0)"
178,-712,8,order 8,13,1,13,13,True,"steinitz (Nm(A)=13, form 6)"
178,-712,8,order 8,19,19,1,19,True,"free (no non-principal factorization, f likely inert)"
178,-712,8,order 8,37,1,37,37,True,"steinitz (Nm(A)=37, form 2)"
178,-712,8,order 8,61,1,61,61,True,"steinitz (Nm(A)=61, form 6)"
178,-712,8,order 8,79,79,1,79,True,"free (no non-principal factorization, f likely inert)"
178,-712,8,order 8,97,1,97,97,True,"steinitz (Nm(A)=97, form 1)"
178,-712,8,order 8,139,1,139,139,True,"steinitz (Nm(A)=139, form 1)"
178,-712,8,order 8,163,163,1,163,True,"free (no non-principal factorization, f likely inert)"
179,-179,5,order 5,7,7,1,7,True,"free (no non-principal factorization, f likely inert)"
179,-179,5,order 5,9,9,1,9,True,"free (f rep by principal, x=3, y=0)"
179,-179,5,order 5,13,1,13,13,True,"steinitz (Nm(A)=13, form 3)"
179,-179,5,order 5,19,1,19,19,True,"steinitz (Nm(A)=19, form 1)"
179,-179,5,order 5,37,37,1,37,True,"free (no non-principal factorization, f likely inert)"
179,-179,5,order 5,61,1,61,61,True,"steinitz (Nm(A)=61, form 1)"
179,-179,5,order 5,79,79,1,79,True,"free (no non-principal factorization, f likely inert)"
179,-179,5,order 5,97,97,1,97,True,"free (no non-principal factorization, f likely inert)"
179,-179,5,order 5,139,1,139,139,True,"steinitz (Nm(A)=139, form 3)"
179,-179,5,order 5,163,163,1,163,True,"free (no non-principal factorization, f likely inert)"
181,-724,10,order 10,7,1,7,7,True,"steinitz (Nm(A)=7, form 4)"
181,-724,10,order 10,9,9,1,9,True,"free (f rep by principal, x=3, y=0)"
181,-724,10,order 10,13,1,13,13,True,"steinitz (Nm(A)=13, form 8)"
181,-724,10,order 10,19,1,19,19,True,"steinitz (Nm(A)=19, form 6)"
181,-724,10,order 10,37,1,37,37,True,"steinitz (Nm(A)=37, form 2)"
181,-724,10,order 10,61,61,1,61,True,"free (no non-principal factorization, f likely inert)"
181,-724,10,order 10,79,79,1,79,True,"free (no non-principal factorization, f likely inert)"
181,-724,10,order 10,97,97,1,97,True,"free (no non-principal factorization, f likely inert)"
181,-724,10,order 10,139,139,1,139,True,"free (no non-principal factorization, f likely inert)"
181,-724,10,order 10,163,1,163,163,True,"steinitz (Nm(A)=163, form 6)"
182,-728,12,order 12,7,1,7,7,True,"steinitz (Nm(A)=7, form 6)"
182,-728,12,order 12,9,9,1,9,True,"free (f rep by principal, x=3, y=0)"
182,-728,12,order 12,13,1,13,13,True,"steinitz (Nm(A)=13, form 11)"
182,-728,12,order 12,19,19,1,19,True,"free (no non-principal factorization, f likely inert)"
182,-728,12,order 12,37,1,37,37,True,"steinitz (Nm(A)=37, form 9)"
182,-728,12,order 12,61,1,61,61,True,"steinitz (Nm(A)=61, form 2)"
182,-728,12,order 12,79,1,79,79,True,"steinitz (Nm(A)=79, form 7)"
182,-728,12,order 12,97,1,97,97,True,"steinitz (Nm(A)=97, form 4)"
182,-728,12,order 12,139,1,139,139,True,"steinitz (Nm(A)=139, form 11)"
182,-728,12,order 12,163,1,163,163,True,"steinitz (Nm(A)=163, form 1)"
183,-183,8,order 8,7,7,1,7,True,"free (no non-principal factorization, f likely inert)"
183,-183,8,order 8,9,9,1,9,True,"free (f rep by principal, x=3, y=0)"
183,-183,8,order 8,13,1,13,13,True,"steinitz (Nm(A)=13, form 4)"
183,-183,8,order 8,19,1,19,19,True,"steinitz (Nm(A)=19, form 4)"
183,-183,8,order 8,37,37,1,37,True,"free (no non-principal factorization, f likely inert)"
183,-183,8,order 8,61,1,61,61,True,"steinitz (Nm(A)=61, form 3)"
183,-183,8,order 8,79,79,1,79,True,"free (no non-principal factorization, f likely inert)"
183,-183,8,order 8,97,1,97,97,True,"steinitz (Nm(A)=97, form 4)"
183,-183,8,order 8,139,139,1,139,True,"free (no non-principal factorization, f likely inert)"
183,-183,8,order 8,163,1,163,163,True,"steinitz (Nm(A)=163, form 4)"
185,-740,16,order 16,7,1,7,7,True,"steinitz (Nm(A)=7, form 7)"
185,-740,16,order 16,9,9,1,9,True,"free (f rep by principal, x=3, y=0)"
185,-740,16,order 16,13,1,13,13,True,"steinitz (Nm(A)=13, form 12)"
185,-740,16,order 16,19,1,19,19,True,"steinitz (Nm(A)=19, form 14)"
185,-740,16,order 16,37,1,37,37,True,"steinitz (Nm(A)=37, form 4)"
185,-740,16,order 16,61,61,1,61,True,"free (no non-principal factorization, f likely inert)"
185,-740,16,order 16,79,1,79,79,True,"steinitz (Nm(A)=79, form 5)"
185,-740,16,order 16,97,1,97,97,True,"steinitz (Nm(A)=97, form 1)"
185,-740,16,order 16,139,139,1,139,True,"free (no non-principal factorization, f likely inert)"
185,-740,16,order 16,163,163,1,163,True,"free (no non-principal factorization, f likely inert)"
186,-744,12,order 12,7,7,1,7,True,"free (no non-principal factorization, f likely inert)"
186,-744,12,order 12,9,9,1,9,True,"free (f rep by principal, x=3, y=0)"
186,-744,12,order 12,13,1,13,13,True,"steinitz (Nm(A)=13, form 10)"
186,-744,12,order 12,19,1,19,19,True,"steinitz (Nm(A)=19, form 6)"
186,-744,12,order 12,37,1,37,37,True,"steinitz (Nm(A)=37, form 5)"
186,-744,12,order 12,61,1,61,61,True,"steinitz (Nm(A)=61, form 10)"
186,-744,12,order 12,79,1,79,79,True,"steinitz (Nm(A)=79, form 10)"
186,-744,12,order 12,97,1,97,97,True,"steinitz (Nm(A)=97, form 6)"
186,-744,12,order 12,139,139,1,139,True,"free (no non-principal factorization, f likely inert)"
186,-744,12,order 12,163,1,163,163,True,"steinitz (Nm(A)=163, form 6)"
187,-187,2,Z/2Z,7,1,7,7,True,"steinitz (Nm(A)=7, form 1)"
187,-187,2,Z/2Z,9,9,1,9,True,"free (f rep by principal, x=3, y=0)"
187,-187,2,Z/2Z,13,13,1,13,True,"free (no non-principal factorization, f likely inert)"
187,-187,2,Z/2Z,19,19,1,19,True,"free (no non-principal factorization, f likely inert)"
187,-187,2,Z/2Z,37,37,1,37,True,"free (no non-principal factorization, f likely inert)"
187,-187,2,Z/2Z,61,1,61,61,True,"steinitz (Nm(A)=61, form 1)"
187,-187,2,Z/2Z,79,1,79,79,True,"steinitz (Nm(A)=79, form 1)"
187,-187,2,Z/2Z,97,97,1,97,True,"free (no non-principal factorization, f likely inert)"
187,-187,2,Z/2Z,139,1,139,139,True,"steinitz (Nm(A)=139, form 1)"
187,-187,2,Z/2Z,163,163,1,163,True,"free (no non-principal factorization, f likely inert)"
190,-760,4,Z/2Z x Z/2Z,7,7,1,7,True,"free (no non-principal factorization, f likely inert)"
190,-760,4,Z/2Z x Z/2Z,9,9,1,9,True,"free (f rep by principal, x=3, y=0)"
190,-760,4,Z/2Z x Z/2Z,13,13,1,13,True,"free (no non-principal factorization, f likely inert)"
190,-760,4,Z/2Z x Z/2Z,19,1,19,19,True,"steinitz (Nm(A)=19, form 3)"
190,-760,4,Z/2Z x Z/2Z,37,37,1,37,True,"free (no non-principal factorization, f likely inert)"
190,-760,4,Z/2Z x Z/2Z,61,61,1,61,True,"free (no non-principal factorization, f likely inert)"
190,-760,4,Z/2Z x Z/2Z,79,79,1,79,True,"free (no non-principal factorization, f likely inert)"
190,-760,4,Z/2Z x Z/2Z,97,1,97,97,True,"steinitz (Nm(A)=97, form 1)"
190,-760,4,Z/2Z x Z/2Z,139,139,1,139,True,"free (no non-principal factorization, f likely inert)"
190,-760,4,Z/2Z x Z/2Z,163,1,163,163,True,"steinitz (Nm(A)=163, form 2)"
191,-191,13,order 13,7,7,1,7,True,"free (no non-principal factorization, f likely inert)"
191,-191,13,order 13,9,9,1,9,True,"free (f rep by principal, x=3, y=0)"
191,-191,13,order 13,13,1,13,13,True,"steinitz (Nm(A)=13, form 10)"
191,-191,13,order 13,19,19,1,19,True,"free (no non-principal factorization, f likely inert)"
191,-191,13,order 13,37,37,1,37,True,"free (no non-principal factorization, f likely inert)"
191,-191,13,order 13,61,61,1,61,True,"free (no non-principal factorization, f likely inert)"
191,-191,13,order 13,79,1,79,79,True,"steinitz (Nm(A)=79, form 1)"
191,-191,13,order 13,97,1,97,97,True,"steinitz (Nm(A)=97, form 3)"
191,-191,13,order 13,139,139,1,139,True,"free (no non-principal factorization, f likely inert)"
191,-191,13,order 13,163,1,163,163,True,"steinitz (Nm(A)=163, form 10)"
193,-772,4,Z/4Z,7,7,1,7,True,"free (no non-principal factorization, f likely inert)"
193,-772,4,Z/4Z,9,9,1,9,True,"free (f rep by principal, x=3, y=0)"
193,-772,4,Z/4Z,13,13,1,13,True,"free (no non-principal factorization, f likely inert)"
193,-772,4,Z/4Z,19,1,19,19,True,"steinitz (Nm(A)=19, form 2)"
193,-772,4,Z/4Z,37,37,1,37,True,"free (no non-principal factorization, f likely inert)"
193,-772,4,Z/4Z,61,61,1,61,True,"free (no non-principal factorization, f likely inert)"
193,-772,4,Z/4Z,79,1,79,79,True,"steinitz (Nm(A)=79, form 2)"
193,-772,4,Z/4Z,97,1,97,97,True,"steinitz (Nm(A)=97, form 1)"
193,-772,4,Z/4Z,139,139,1,139,True,"free (no non-principal factorization, f likely inert)"
193,-772,4,Z/4Z,163,1,163,163,True,"steinitz (Nm(A)=163, form 2)"
194,-776,20,order 20,7,1,7,7,True,"steinitz (Nm(A)=7, form 8)"
194,-776,20,order 20,9,9,1,9,True,"free (f rep by principal, x=3, y=0)"
194,-776,20,order 20,13,1,13,13,True,"steinitz (Nm(A)=13, form 16)"
194,-776,20,order 20,19,19,1,19,True,"free (no non-principal factorization, f likely inert)"
194,-776,20,order 20,37,1,37,37,True,"steinitz (Nm(A)=37, form 18)"
194,-776,20,order 20,61,61,1,61,True,"free (no non-principal factorization, f likely inert)"
194,-776,20,order 20,79,79,1,79,True,"free (no non-principal factorization, f likely inert)"
194,-776,20,order 20,97,1,97,97,True,"steinitz (Nm(A)=97, form 1)"
194,-776,20,order 20,139,139,1,139,True,"free (no non-principal factorization, f likely inert)"
194,-776,20,order 20,163,1,163,163,True,"steinitz (Nm(A)=163, form 6)"
195,-195,4,Z/2Z x Z/2Z,7,1,7,7,True,"steinitz (Nm(A)=7, form 3)"
195,-195,4,Z/2Z x Z/2Z,9,9,1,9,True,"free (f rep by principal, x=3, y=0)"
195,-195,4,Z/2Z x Z/2Z,13,1,13,13,True,"steinitz (Nm(A)=13, form 3)"
195,-195,4,Z/2Z x Z/2Z,19,19,1,19,True,"free (no non-principal factorization, f likely inert)"
195,-195,4,Z/2Z x Z/2Z,37,1,37,37,True,"steinitz (Nm(A)=37, form 3)"
195,-195,4,Z/2Z x Z/2Z,61,61,1,61,True,"free (f rep by principal, x=3, y=1)"
195,-195,4,Z/2Z x Z/2Z,79,79,1,79,True,"free (f rep by principal, x=5, y=1)"
195,-195,4,Z/2Z x Z/2Z,97,1,97,97,True,"steinitz (Nm(A)=97, form 3)"
195,-195,4,Z/2Z x Z/2Z,139,139,1,139,True,"free (f rep by principal, x=9, y=1)"
195,-195,4,Z/2Z x Z/2Z,163,1,163,163,True,"steinitz (Nm(A)=163, form 3)"
197,-788,10,order 10,7,7,1,7,True,"free (no non-principal factorization, f likely inert)"
197,-788,10,order 10,9,9,1,9,True,"free (f rep by principal, x=3, y=0)"
197,-788,10,order 10,13,13,1,13,True,"free (no non-principal factorization, f likely inert)"
197,-788,10,order 10,19,19,1,19,True,"free (no non-principal factorization, f likely inert)"
197,-788,10,order 10,37,1,37,37,True,"steinitz (Nm(A)=37, form 4)"
197,-788,10,order 10,61,1,61,61,True,"steinitz (Nm(A)=61, form 4)"
197,-788,10,order 10,79,1,79,79,True,"steinitz (Nm(A)=79, form 8)"
197,-788,10,order 10,97,1,97,97,True,"steinitz (Nm(A)=97, form 6)"
197,-788,10,order 10,139,1,139,139,True,"steinitz (Nm(A)=139, form 1)"
197,-788,10,order 10,163,163,1,163,True,"free (no non-principal factorization, f likely inert)"
199,-199,9,order 9,7,1,7,7,True,"steinitz (Nm(A)=7, form 7)"
199,-199,9,order 9,9,9,1,9,True,"free (f rep by principal, x=3, y=0)"
199,-199,9,order 9,13,1,13,13,True,"steinitz (Nm(A)=13, form 3)"
199,-199,9,order 9,19,19,1,19,True,"free (no non-principal factorization, f likely inert)"
199,-199,9,order 9,37,37,1,37,True,"free (no non-principal factorization, f likely inert)"
199,-199,9,order 9,61,1,61,61,True,"steinitz (Nm(A)=61, form 1)"
199,-199,9,order 9,79,1,79,79,True,"steinitz (Nm(A)=79, form 5)"
199,-199,9,order 9,97,97,1,97,True,"free (no non-principal factorization, f likely inert)"
199,-199,9,order 9,139,1,139,139,True,"steinitz (Nm(A)=139, form 3)"
199,-199,9,order 9,163,163,1,163,True,"free (no non-principal factorization, f likely inert)"
